Workbook

Sheet Quadrat PtCounts
A1: Date | B1: Location | C1: Data Entry By | D1: # T | E1: Position # on Transect (m) | F1: Acanthophora spicifera | G1: Amansia sp. | H1: Articulated Coralline | I1: Asparagopsis sp | J1: Astronema breviarticulatum | K1: Astronema sp. | L1: Ahnfeltiopsis sp | M1: Avrainvillea lacerata | N1: Bryopsis sp. | O1: Bornatella sphaerica | P1: Caulerpa racemosa | Q1: CCA | R1: Cerramium sp | S1: Chaetomorpha basiretrorsa | T1: Chnoospora sp | U1: Cladophora sp | V1: Codium sp | W1: Codium arabicum | X1: Codium edule | Y1: Codium reediae | Z1: Colpomenia sp. | AA1: Cyanobacteria | AB1: Dasya iridescens | AC1: Dichotomaria marginata | AD1: Dictyosphaeria cavernosa | AE1: Dictyosphaeria versluysii | AF1: Dictyosphaeria sp. | AG1: Dictyota sp | AH1: Dictyota sandvicensis | AI1: Dichtyopterous | AJ1: Gelidiella sp | AK1: Gracilaria sp. | AL1: Gracilaria salicronia | AM1: Halimeda sp | AN1: Ulva | AO1: Hypnea sp. | AP1: Jania pumila | AQ1: Jania sp | AR1: Laurencia sp. | AS1: Laurencia majuscula | AT1: Laurencia mcdermidiae | AU1: Laurencia nidifica | AV1: Liagora sp | AW1: Lobophora sp | AX1: Lobophora obscura | AY1: Lyngbya sp | AZ1: Microdictyon sp. | BA1: Neomeris sp | BB1: Portieria | BC1: Pterocladiella | BD1: Padina sp. | BE1: Sargassum sp. | BF1: Sargassum aquifolium | BG1: Sargassum polyphyllum | BH1: Sphaecelaria sp | BI1: Symploca hypnoides | BJ1: Trichogloea sp | BK1: Turbinaria ornata | BL1: Valonia sp. | BM1: Turf | BN1: Cucumber- Actinopyga | BO1: Hermet crab | BP1: Crab | BQ1: Echinometra | BR1: Snail- Dendropoma | BS1: Urchin | BT1: Cucumber- Holothuria | BU1: Haminoea cymbalum | BV1: Pennaria disticha (christmas tree hydroid) | BW1: Pocillopora damicornis | BX1: Sea Star | BY1: Snail- Littoraria | BZ1: Snail - Nerite | CA1: Snail- Serpulorbis | CB1: Snail- Siphonaria normalis | CC1: sponge | CD1: Sand | CE1: limestone | CF1: Bare Rock | CG1: Rubble | CH1: pebble | CI1: hole | CJ1: Brown Crust | CK1: unknown | CL1: Total Points | CN1: Within 2m proximity of attached coral colony? (Y/N) (Mamala Bay only) | CO1: Sediment Depth
A2: 45305 | B2: ʻEwa | C2: Cassie | D2: 2 | E2: 0 | AO2: 3 | AR2: 3 | BD2: 8 | BM2: 3 | CG2: 11 | CL2: =SUM(F2:CI2) -> 28
A3: 45305 | B3: ʻEwa | C3: Kirby | D3: 3 | E3: 0 | H3: 1 | Q3: 9 | AD3: 2 | AH3: 2 | BD3: 7 | CI3: 1 | CL3: =sum(F3:CI3) -> 22
A4: 45305 | B4: ʻEwa | C4: Blue | D4: 1 | E4: 0 | M4: 6 | AD4: 1 | AR4: 4 | CF4: 14 | CL4: =SUM(F4:CI4) -> 25
A5: 45305 | B5: ʻEwa | C5: Cassie | D5: 2 | E5: 2 | U5: 1 | AL5: 6 | BD5: 10 | BE5: 1 | BM5: 7 | CL5: =SUM(F5:CI5) -> 25
A6: 45305 | B6: ʻEwa | C6: Kirby | D6: 3 | E6: 2 | H6: 2 | AD6: 1 | AH6: 2 | AL6: 6 | BD6: 7 | BM6: 7 | CL6: =sum(F6:CI6) -> 25
A7: 45305 | B7: ʻEwa | C7: Blue | D7: 1 | E7: 2 | M7: 4 | Q7: 3 | AR7: 15 | CD7: 3 | CL7: =SUM(F7:CI7) -> 25
A8: 45305 | B8: ʻEwa | C8: Cassie | D8: 2 | E8: 4 | H8: 2 | M8: 10 | Q8: 5 | U8: 1 | AL8: 1 | BD8: 5 | BM8: 1 | CL8: =SUM(F8:CI8) -> 25
A9: 45305 | B9: ʻEwa | C9: Kirby | D9: 3 | E9: 4 | F9: 1 | Q9: 2 | AD9: 1 | AH9: 4 | AO9: 2 | AZ9: 1 | BD9: 3 | BM9: 10 | CD9: 1 | CL9: =sum(F9:CI9) -> 25
A10: 45305 | B10: ʻEwa | C10: Blue | D10: 1 | E10: 4 | M10: 9 | Q10: 10 | U10: 2 | AR10: 4 | CL10: =SUM(F10:CI10) -> 25
A11: 45305 | B11: ʻEwa | C11: Cassie | D11: 2 | E11: 6 | M11: 2 | U11: 2 | AD11: 1 | AL11: 1 | AO11: 1 | AR11: 1 | BD11: 14 | BM11: 1 | CD11: 2 | CL11: =SUM(F11:CI11) -> 25
A12: 45305 | B12: ʻEwa | C12: Addison | D12: 3 | E12: 6 | F12: 1 | M12: 2 | AR12: 5 | AW12: 1 | AZ12: 6 | BD12: 5 | BK12: 2 | BM12: 1 | CI12: 2 | CL12: =sum(F12:CI12) -> 25
A13: 45305 | B13: ʻEwa | C13: Blue | D13: 1 | E13: 6 | Q13: 3 | AR13: 6 | AW13: 5 | AZ13: 1 | BD13: 6 | BE13: 4 | CL13: =SUM(F13:CI13) -> 25
A14: 45305 | B14: ʻEwa | C14: Cassie | D14: 2 | E14: 8 | M14: 8 | AF14: 3 | AL14: 2 | AO14: 6 | BD14: 5 | BM14: 1 | CL14: =SUM(F14:CI14) -> 25
A15: 45305 | B15: ʻEwa | C15: Addison | D15: 3 | E15: 8 | M15: 3 | Q15: 1 | AH15: 1 | AL15: 1 | AO15: 2 | AZ15: 1 | BD15: 13 | BM15: 3 | CL15: =sum(F15:CI15) -> 25
A16: 45305 | B16: ʻEwa | C16: Blue | D16: 1 | E16: 8 | Q16: 3 | U16: 1 | AL16: 1 | AO16: 5 | BD16: 15 | CL16: =SUM(F16:CI16) -> 25
A17: 45305 | B17: ʻEwa | C17: Hikaru | D17: 2 | E17: 10 | M17: 6 | AC17: 1 | AG17: 1 | AL17: 3 | AO17: 2 | BD17: 6 | BM17: 3 | CD17: 3 | CL17: =SUM(F17:CI17) -> 25
A18: 45305 | B18: ʻEwa | C18: Addison | D18: 3 | E18: 10 | AO18: 5 | BD18: 15 | BM18: 2 | CI18: 3 | CL18: =sum(F18:CI18) -> 25
A19: 45305 | B19: ʻEwa | C19: Josue | D19: 1 | E19: 10 | F19: 1 | G19: 2 | V19: 5 | AL19: 1 | AR19: 3 | BD19: 9 | BM19: 2 | CF19: 1 | CG19: 1 | CL19: =SUM(F19:CI19) -> 25
A20: 45305 | B20: ʻEwa | C20: Hikaru | D20: 2 | E20: 12 | H20: 1 | AF20: 1 | AL20: 1 | AO20: 12 | AR20: 1 | BD20: 1 | CF20: 8 | CL20: =SUM(F20:CI20) -> 25
A21: 45305 | B21: ʻEwa | C21: Biscuit | D21: 3 | E21: 12 | AO21: 2 | AR21: 15 | AZ21: 4 | BD21: 2 | BV21: 1 | CF21: 1 | CL21: =SUM(F21:CI21) -> 25
A22: 45305 | B22: ʻEwa | C22: Josue | D22: 1 | E22: 12 | M22: 4 | Q22: 1 | AR22: 6 | AZ22: 2 | BD22: 11 | BU22: 1 | CL22: =SUM(F22:CI22) -> 25
A23: 45305 | B23: ʻEwa | C23: Hikaru | D23: 2 | E23: 14 | F23: 5 | U23: 1 | AH23: 2 | AW23: 1 | BD23: 13 | CD23: 3 | CL23: =sum(F23:CI23) -> 25
A24: 45305 | B24: ʻEwa | C24: Biscuit | D24: 3 | E24: 14 | F24: 2 | M24: 6 | AO24: 1 | AR24: 7 | AZ24: 3 | BD24: 3 | BJ24: 1 | CF24: 2 | CL24: =SUM(F24:CI24) -> 25
A25: 45305 | B25: ʻEwa | C25: Josue | D25: 1 | E25: 14 | AH25: 5 | AR25: 1 | BD25: 14 | BE25: 2 | CF25: 3 | CL25: =SUM(F25:CI25) -> 25
A26: 45305 | B26: ʻEwa | C26: Hikaru | D26: 2 | E26: 16 | F26: 8 | M26: 7 | BD26: 10 | CL26: =sum(F26:CI26) -> 25
A27: 45305 | B27: ʻEwa | C27: Biscuit | D27: 3 | E27: 16 | F27: 2 | M27: 3 | AF27: 2 | AR27: 11 | AZ27: 6 | BD27: 1 | CL27: =SUM(F27:CI27) -> 25
A28: 45305 | B28: ʻEwa | C28: Josue | D28: 1 | E28: 16 | M28: 4 | AH28: 6 | AQ28: 5 | BD28: 6 | CD28: 1 | CF28: 3 | CL28: =SUM(F28:CI28) -> 25
A29: 45305 | B29: ʻEwa | C29: Hikaru | D29: 2 | E29: 18 | F29: 2 | AD29: 2 | BD29: 10 | CF29: 11 | CL29: =sum(F29:CI29) -> 25
A30: 45305 | B30: ʻEwa | C30: Biscuit | D30: 3 | E30: 18 | M30: 7 | O30: 1 | AD30: 1 | AF30: 1 | AO30: 1 | AQ30: 1 | AR30: 1 | BD30: 2 | CD30: 3 | CF30: 4 | CG30: 3 | CL30: =SUM(F30:CI30) -> 25
A31: 45305 | B31: ʻEwa | C31: Josue | D31: 1 | E31: 18 | M31: 5 | V31: 1 | AH31: 6 | AQ31: 1 | BA31: 2 | BD31: 5 | CD31: 5 | CL31: =SUM(F31:CI31) -> 25
A32: 45305 | B32: ʻEwa | C32: Hikaru | D32: 2 | E32: 20 | BD32: 10 | CD32: 10 | CF32: 5 | CL32: =sum(F32:CI32) -> 25
A33: 45305 | B33: ʻEwa | C33: Biscuit | D33: 3 | E33: 20 | O33: 1 | AF33: 2 | AR33: 1 | BD33: 5 | BM33: 1 | CF33: 11 | CG33: 4 | CL33: =SUM(F33:CI33) -> 25
A34: 45305 | B34: ʻEwa | C34: Josue | D34: 1 | E34: 20 | M34: 5 | AH34: 3 | BD34: 11 | CD34: 5 | CF34: 1 | CL34: =SUM(F34:CI34) -> 25
A35: 45305 | B35: ʻEwa | C35: Hikaru | D35: 2 | E35: 22 | O35: 1 | BD35: 11 | CF35: 13 | CL35: =sum(F35:CI35) -> 25
A36: 45305 | B36: ʻEwa | C36: Biscuit | D36: 3 | E36: 22 | O36: 1 | AF36: 1 | BM36: 5 | CF36: 14 | CG36: 4 | CL36: =SUM(F36:CI36) -> 25
A37: 45305 | B37: ʻEwa | C37: Josue | D37: 1 | E37: 22 | AH37: 1 | AQ37: 1 | AV37: 1 | BD37: 1 | CD37: 5 | CF37: 13 | CG37: 3 | CL37: =SUM(F37:CI37) -> 25
A38: 45318 | B38: Lēʻahi | C38: Hikaru | D38: 4 | E38: 1 | AY38: 1 | BF38: 18 | BK38: 3 | CF38: 3 | CL38: =sum(F38:CI38) -> 25
A39: 45318 | B39: Lēʻahi | C39: Hikaru | D39: 4 | E39: 2 | AR39: 1 | BD39: 4 | BF39: 5 | BG39: 13 | CF39: 2 | CL39: =sum(F39:CI39) -> 25
A40: 45318 | B40: Lēʻahi | C40: Hikaru | D40: 2 | E40: 2 | AH40: 8 | AR40: 1 | AT40: 11 | BF40: 3 | BG40: 1 | CF40: 1 | CL40: =SUM(F40:CI40) -> 25
A41: 45318 | B41: Leʻahi | C41: Elijah | D41: 3 | E41: 3 | F41: 2 | AH41: 1 | AS41: 4 | AT41: 4 | AY41: 1 | BF41: 2 | BG41: 4 | CF41: 7 | CL41: =SUM(F41:CI41) -> 25
A42: 45318 | B42: Leʻahi | C42: Kirby | D42: 1 | E42: 3 | AH42: 4 | AT42: 12 | BF42: 3 | BG42: 5 | CF42: 1 | CL42: =SUM(F42:CI42) -> 25
A43: 45318 | B43: Lēʻahi | C43: Hikaru | D43: 4 | E43: 3 | O43: 1 | AO43: 2 | AR43: 1 | AY43: 2 | BD43: 7 | BG43: 6 | BM43: 6 | CL43: =sum(F43:CI43) -> 25
A44: 45318 | B44: Lēʻahi | C44: Hikaru | D44: 2 | E44: 3 | AH44: 6 | AT44: 3 | BF44: 11 | BG44: 3 | CF44: 2 | CL44: =SUM(F44:CI44) -> 25
A45: 45318 | B45: Leʻahi | C45: Elijah | D45: 3 | E45: 4 | Q45: 1 | BG45: 12 | BH45: 11 | CF45: 1 | CL45: =SUM(F45:CI45) -> 25
A46: 45318 | B46: Leʻahi | C46: Kirby | D46: 1 | E46: 4 | AT46: 1 | BF46: 14 | BG46: 5 | CF46: 6 | CL46: =SUM(F46:CI46) -> 26
A47: 45318 | B47: Lēʻahi | C47: Hikaru | D47: 4 | E47: 4 | BD47: 25 | CL47: =sum(F47:CI47) -> 25
A48: 45318 | B48: Lēʻahi | C48: Hikaru | D48: 2 | E48: 4 | R48: 1 | AF48: 2 | AY48: 1 | AZ48: 4 | BF48: 2 | BG48: 14 | CF48: 1 | CL48: =SUM(F48:CI48) -> 25
A49: 45318 | B49: Leʻahi | C49: Elijah | D49: 3 | E49: 5 | Q49: 2 | AS49: 1 | AY49: 6 | BD49: 7 | CF49: 4 | CH49: 5 | CL49: =SUM(F49:CI49) -> 25
A50: 45318 | B50: Leʻahi | C50: Kirby | D50: 1 | E50: 5 | Q50: 1 | BD50: 4 | BF50: 9 | BG50: 10 | CF50: 1 | CL50: =SUM(F50:CI50) -> 25
A51: 45318 | B51: Lēʻahi | C51: Hikaru | D51: 4 | E51: 5 | O51: 1 | AH51: 1 | AO51: 2 | AR51: 2 | BD51: 9 | BG51: 7 | CF51: 3 | CL51: =sum(F51:CI51) -> 25
A52: 45318 | B52: Lēʻahi | C52: Hikaru | D52: 2 | E52: 5 | O52: 1 | AH52: 9 | AR52: 1 | BD52: 14 | CL52: =SUM(F52:CI52) -> 25
A53: 45318 | B53: Leʻahi | C53: Elijah | D53: 3 | E53: 6 | Q53: 4 | AY53: 1 | AZ53: 3 | BD53: 14 | CF53: 3 | CL53: =SUM(F53:CI53) -> 25
A54: 45318 | B54: Leʻahi | C54: Kirby | D54: 1 | E54: 6 | BD54: 17 | BG54: 1 | BM54: 7 | CL54: =SUM(F54:CI54) -> 25
A55: 45318 | B55: Lēʻahi | C55: Hikaru | D55: 4 | E55: 6 | AM55: 1 | AQ55: 3 | BD55: 11 | BG55: 3 | CF55: 7 | CL55: =sum(F55:CI55) -> 25
A56: 45318 | B56: Lēʻahi | C56: Hikaru | D56: 2 | E56: 6 | AY56: 3 | BA56: 1 | BD56: 20 | BG56: 1 | CL56: =SUM(F56:CI56) -> 25
A57: 45318 | B57: Leʻahi | C57: Elijah | D57: 3 | E57: 7 | O57: 2 | AS57: 2 | BD57: 12 | BG57: 3 | CD57: 3 | CF57: 3 | CL57: =SUM(F57:CI57) -> 25
A58: 45318 | B58: Leʻahi | C58: Kirby | D58: 1 | E58: 7 | AR58: 7 | BD58: 13 | BM58: 5 | CL58: =SUM(F58:CI58) -> 25
A59: 45318 | B59: Lēʻahi | C59: Hikaru | D59: 4 | E59: 7 | O59: 1 | AM59: 2 | AY59: 1 | BD59: 9 | BM59: 2 | CF59: 10 | CL59: =sum(F59:CI59) -> 25
A60: 45318 | B60: Lēʻahi | C60: Hikaru | D60: 2 | E60: 7 | O60: 2 | AY60: 12 | BD60: 8 | CF60: 3 | CL60: =SUM(F60:CI60) -> 25
A61: 45318 | B61: Leʻahi | C61: Elijah | D61: 3 | E61: 8 | O61: 2 | Q61: 1 | AS61: 1 | BD61: 8 | CF61: 13 | CL61: =SUM(F61:CI61) -> 25
A62: 45318 | B62: Leʻahi | C62: Kirby | D62: 1 | E62: 8 | AM62: 3 | BD62: 6 | BG62: 7 | BM62: 9 | CL62: =SUM(F62:CI62) -> 25
A63: 45318 | B63: Lēʻahi | C63: Hikaru | D63: 4 | E63: 8 | O63: 1 | AQ63: 8 | BD63: 6 | BM63: 1 | CF63: 9 | CL63: =sum(F63:CI63) -> 25
A64: 45318 | B64: Lēʻahi | C64: Hikaru | D64: 2 | E64: 8 | O64: 4 | AY64: 4 | BD64: 2 | BM64: 4 | CF64: 11 | CL64: =SUM(F64:CI64) -> 25
A65: 45318 | B65: Leʻahi | C65: Elijah | D65: 3 | E65: 9 | O65: 1 | AM65: 2 | AS65: 2 | BD65: 4 | BM65: 2 | CF65: 14 | CL65: =SUM(F65:CI65) -> 25
A66: 45318 | B66: Leʻahi | C66: Kirby | D66: 1 | E66: 9 | AM66: 2 | BD66: 3 | BG66: 2 | BM66: 18 | CL66: =SUM(F66:CI66) -> 25
A67: 45318 | B67: Lēʻahi | C67: Hikaru | D67: 4 | E67: 9 | AY67: 19 | BM67: 4 | CF67: 2 | CL67: =sum(F67:CI67) -> 25
A68: 45318 | B68: Lēʻahi | C68: Hikaru | D68: 2 | E68: 9 | AH68: 3 | AM68: 4 | AQ68: 8 | BD68: 4 | CF68: 6 | CL68: =SUM(F68:CI68) -> 25
A69: 45318 | B69: Leʻahi | C69: Elijah | D69: 3 | E69: 10 | BD69: 1 | BM69: 14 | CF69: 10 | CL69: =SUM(F69:CI69) -> 25
A70: 45318 | B70: Leʻahi | C70: Kirby | D70: 1 | E70: 10 | BD70: 5 | BM70: 15 | CF70: 5 | CL70: =SUM(F70:CI70) -> 25
A71: 45318 | B71: Lēʻahi | C71: Hikaru | D71: 4 | E71: 10 | CF71: 25 | CL71: =sum(F71:CI71) -> 25
A72: 45318 | B72: Lēʻahi | C72: Hikaru | D72: 2 | E72: 10 | R72: 3 | AQ72: 4 | AY72: 6 | BR72: 4 | CF72: 8 | CL72: =SUM(F72:CI72) -> 25
A73: 45318 | B73: Leʻahi | C73: Elijah | D73: 3 | E73: 11 | AS73: 1 | BD73: 3 | BM73: 4 | CD73: 6 | CF73: 11 | CL73: =SUM(F73:CI73) -> 25
A74: 45318 | B74: Leʻahi | C74: Kirby | D74: 1 | E74: 11 | BD74: 2 | BM74: 4 | BR74: 2 | CF74: 14 | CH74: 3 | CL74: =SUM(F74:CI74) -> 25
A75: 45318 | B75: Lēʻahi | C75: Hikaru | D75: 4 | E75: 11 | BZ75: 1 | CF75: 24 | CL75: =sum(F75:CI75) -> 25
A76: 45318 | B76: Lēʻahi | C76: Hikaru | D76: 2 | E76: 11 | AQ76: 4 | AY76: 8 | BG76: 4 | BM76: 2 | CF76: 7 | CL76: =SUM(F76:CI76) -> 25
A77: 45318 | B77: Leʻahi | C77: Elijah | D77: 3 | E77: 12 | L77: 2 | BM77: 1 | CH77: 22 | CL77: =SUM(F77:CI77) -> 25
A78: 45318 | B78: Leʻahi | C78: Kirby | D78: 1 | E78: 12 | CF78: 25 | CL78: =SUM(F78:CI78) -> 25
A79: 45318 | B79: Leʻahi | C79: Elijah | D79: 3 | E79: 13 | CF79: 25 | CL79: =SUM(F79:CI79) -> 25
A80: 45318 | B80: Leʻahi | C80: Kirby | D80: 1 | E80: 13 | CB80: 1 | CF80: 24 | CL80: =SUM(F80:CI80) -> 25
A81: 45332 | B81: Mamala Bay | C81: Addison | D81: 1 | E81: 0 | K81: 2 | O81: 1 | Q81: 2 | AE81: 1 | AL81: 1 | BD81: 10 | BM81: 8 | CL81: =sum(F81:CI81) -> 25 | CN81: Y | CO81: 1mm
A82: 45332 | B82: Mamala Bay | C82: Cassie | D82: 2 | E82: 0 | H82: 3 | M82: 1 | O82: 3 | Q82: 4 | AB82: 1 | AQ82: 3 | AX82: 1 | BD82: 2 | CF82: 5 | CG82: 2 | CL82: =sum(F82:CI82) -> 25 | CN82: Y | CO82: < 1mm
A83: 45332 | B83: Mamala Bay | C83: Addison | D83: 3 | E83: 0 | K83: 6 | Q83: 14 | AL83: 1 | BM83: 4 | CL83: =sum(F83:CI83) -> 25 | CN83: Y | CO83: 1mm
A84: 45332 | B84: Mamala Bay | C84: Cassie | D84: 4 | E84: 0 | K84: 3 | Q84: 3 | X84: 1 | AQ84: 10 | AX84: 2 | CD84: 2 | CF84: 1 | CG84: 3 | CL84: =sum(F84:CI84) -> 25 | CN84: Y | CO84: <10 mm
A85: 45332 | B85: ʻEwa | C85: Kirby | D85: 2 | E85: 2 | M85: 7 | Q85: 1 | W85: 4 | AZ85: 5 | BD85: 6 | CC85: 1 | CH85: 1 | CL85: =SUM(F85:CI85) -> 25
A86: 45332 | B86: ʻEwa | C86: Hikaru | D86: 3 | E86: 2 | M86: 1 | S86: 1 | AF86: 2 | AG86: 4 | AL86: 1 | AO86: 1 | AR86: 4 | AZ86: 3 | BD86: 8 | CL86: =SUM(F86:CI86) -> 25
A87: 45332 | B87: ʻEwa | C87: Elijah | D87: 4 | E87: 2 | M87: 2 | Q87: 3 | AG87: 3 | AJ87: 2 | AS87: 3 | AZ87: 2 | BD87: 4 | BK87: 3 | CC87: 1 | CF87: 2 | CL87: =sum(F87:CI87) -> 25
A88: 45332 | B88: ʻEwa | C88: Hikaru | D88: 1 | E88: 2 | M88: 1 | AO88: 2 | AR88: 3 | AZ88: 12 | BD88: 7 | CL88: =sum(F88:CI88) -> 25
A89: 45332 | B89: Kalaeloa | C89: Aadya | D89: 1 | E89: 2 | U89: 2 | AF89: 5 | AG89: 2 | BF89: 1 | BG89: 3 | BL89: 2 | CD89: 2 | CF89: 8 | CL89: =sum(F89:CI89) -> 25
A90: 45332 | B90: Kalaeloa | C90: Aadya | D90: 2 | E90: 2 | Q90: 3 | U90: 3 | AF90: 3 | BF90: 6 | BG90: 4 | BL90: 3 | CF90: 3 | CL90: =sum(F90:CI90) -> 25
A91: 45332 | B91: Kalaeloa | C91: Sophia | D91: 3 | E91: 2 | U91: 12 | Z91: 1 | AE91: 1 | AQ91: 1 | BD91: 2 | BK91: 1 | BL91: 5 | CF91: 2 | CL91: 25
A92: 45332 | B92: Kalaeloa | C92: Sophia | D92: 4 | E92: 2 | U92: 6 | AQ92: 5 | BE92: 7 | BL92: 6 | CF92: 1 | CL92: 25
A93: 45332 | B93: ʻEwa | C93: Kirby | D93: 2 | E93: 4 | O93: 1 | Q93: 1 | W93: 4 | AH93: 1 | AL93: 1 | AO93: 1 | AZ93: 7 | BD93: 7 | CF93: 2 | CL93: =SUM(F93:CI93) -> 25
A94: 45332 | B94: ʻEwa | C94: Hikaru | D94: 3 | E94: 4 | S94: 2 | AF94: 1 | AG94: 1 | AL94: 3 | AO94: 2 | AZ94: 1 | BD94: 10 | CF94: 5 | CL94: =SUM(F94:CI94) -> 25
A95: 45332 | B95: ʻEwa | C95: Elijah | D95: 4 | E95: 4 | Q95: 1 | AG95: 2 | AL95: 3 | AO95: 6 | AP95: 1 | AS95: 1 | AV95: 1 | AZ95: 3 | BD95: 4 | CF95: 3 | CL95: =sum(F95:CI95) -> 25
A96: 45332 | B96: ʻEwa | C96: Hikaru | D96: 1 | E96: 4 | M96: 1 | V96: 3 | AF96: 1 | AG96: 4 | AO96: 4 | AR96: 1 | AZ96: 3 | BD96: 7 | CF96: 1 | CL96: =sum(F96:CI96) -> 25
A97: 45332 | B97: Kalaeloa | C97: Aadya | D97: 1 | E97: 4 | U97: 4 | AF97: 2 | AL97: 3 | AQ97: 1 | AR97: 1 | BF97: 2 | BG97: 1 | BK97: 1 | BL97: 2 | CF97: 8 | CL97: =sum(F97:CI97) -> 25
A98: 45332 | B98: Kalaeloa | C98: Aadya | D98: 2 | E98: 4 | U98: 3 | Z98: 1 | AF98: 2 | BF98: 4 | BG98: 6 | BL98: 7 | CD98: 2 | CL98: =sum(F98:CI98) -> 25
A99: 45332 | B99: Kalaeloa | C99: Sophia | D99: 3 | E99: 4 | U99: 2 | AQ99: 1 | BD99: 2 | BE99: 8 | BH99: 1 | BL99: 8 | CD99: 1 | CF99: 2 | CL99: 25
A100: 45332 | B100: Kalaeloa | C100: Sophia | D100: 4 | E100: 4 | O100: 1 | V100: 2 | Z100: 2 | AQ100: 7 | BD100: 2 | BE100: 10 | CF100: 1 | CL100: 25
...

Sheet Summing
A1: Date | B1: classification | C1: Acanthophora spicifera | D1: Amansia sp. | E1: Articulated Coralline | F1: Asparagopsis sp | G1: Astronema breviarticulatum | H1: Astronema sp. | I1: Ahnfeltiopsis sp | J1: Avrainvillea lacerata | K1: Bryopsis sp. | L1: Bornatella sphaerica | M1: Caulerpa racemosa | N1: CCA | O1: Cerramium sp | P1: Chaetomorpha basiretrorsa | Q1: Chnoospora sp | R1: Cladophora sp | S1: Codium sp | T1: Codium arabicum | U1: Codium edule | V1: Codium reediae | W1: Colpomenia sp. | X1: Cyanobacteria | Y1: Dasya iridescens | Z1: Dichotomaria marginata | AA1: Dictyosphaeria cavernosa | AB1: Dictyosphaeria versluysii | AC1: Dictyosphaeria sp. | AD1: Dictyota sp | AE1: Dictyota sandvicensis | AF1: Dichtyopterous | AG1: Gelidiella sp | AH1: Gracilaria sp. | AI1: Gracilaria salicronia | AJ1: Halimeda sp | AK1: Ulva | AL1: Hypnea sp. | AM1: Jania pumila | AN1: Jania sp | AO1: Laurencia sp. | AP1: Laurencia majuscula | AQ1: Laurencia mcdermidiae | AR1: Laurencia nidifica | AS1: Liagora sp | AT1: Lobophora sp | AU1: Lobophora obscura | AV1: Lyngbya sp | AW1: Microdictyon sp. | AX1: Neomeris sp | AY1: Portieria | AZ1: Pterocladiella | BA1: Padina sp. | BB1: Sargassum sp. | BC1: Sargassum aquifolium | BD1: Sargassum polyphyllum | BE1: Sphaecelaria sp | BF1: Symploca hypnoides | BG1: Trichogloea sp | BH1: Turbinaria ornata | BI1: Valonia sp. | BJ1: Turf | BK1: total
A2: 45305 | B2: far shore | C2: 2 | E2: 5 | J2: 33 | N2: 29 | R2: 6 | AA2: 6 | AE2: 8 | AI2: =SUM('Quadrat PtCounts'!AL2:AL13) -> 14 | AL2: =SUM('Quadrat PtCounts'!AO2:AO13) -> 6 | AO2: =SUM('Quadrat PtCounts'!AR2:AR13) -> 38 | AT2: 6 | AW2: 8 | BA2: =SUM('Quadrat PtCounts'!BD2:BD13) -> 65 | BB2: 5 | BH2: 2 | BJ2: =SUM('Quadrat PtCounts'!BM2:BM13) -> 30 | BK2: =SUM(C2:BJ2) -> 263
A3: 45305 | B3: mid shore | C3: 8 | D3: 2 | E3: 1 | J3: =SUM('Quadrat PtCounts'!M14:M24) -> 27 | N3: 5 | R3: 2 | S3: 5 | Z3: 1 | AC3: 4 | AD3: 1 | AE3: 8 | AI3: =SUM('Quadrat PtCounts'!AL14:AL21) -> 9 | AL3: =SUM('Quadrat PtCounts'!AO14:AO24) -> 35 | AO3: =SUM('Quadrat PtCounts'!AR15:AR25) -> 33 | AT3: 1 | AW3: =SUM('Quadrat PtCounts'!AZ14:AZ24) -> 10 | BA3: =SUM('Quadrat PtCounts'!BD14:BD25) -> 107 | BB3: 6 | BG3: 1 | BJ3: 11 | BK3: =SUM(C3:BJ3) -> 277
A4: 45305 | B4: near shore | C4: 12 | J4: =SUM('Quadrat PtCounts'!M26:M35) -> 31 | L4: 4 | S4: 1 | AA4: 3 | AC4: 4 | AE4: =SUM('Quadrat PtCounts'!AH26:AH37) -> 16 | AL4: 1 | AN4: 8 | AO4: =SUM('Quadrat PtCounts'!AR26:AR37) -> 13 | AW4: 6 | AX4: 2 | BA4: =SUM('Quadrat PtCounts'!BD26:BD37) -> 72 | BJ4: 6 | BK4: =SUM(B4:BJ4) -> 179
A5: 45318 | B5: far shore | C5: 2 | L5: 1 | N5: 1 | O5: 1 | AC5: 2 | AE5: 19 | AL5: 2 | AO5: 3 | AP5: 4 | AQ5: =SUM('Quadrat PtCounts'!AT40:AT46) -> 31 | AV5: 5 | AW5: 4 | BA5: =SUM('Quadrat PtCounts'!BD39:BD48) -> 36 | BC5: =SUM('Quadrat PtCounts'!BF38:BF48) -> 58 | BD5: =SUM('Quadrat PtCounts'!BG39:BG48) -> 63 | BE5: 11 | BJ5: 6 | BK5: =SUM(B5:BJ5) -> 249
A6: 45318 | B6: mid shore | L6: =SUM('Quadrat PtCounts'!O51:O65) -> 15 | N6: 8 | AE6: 13 | AJ6: 14 | AL6: 2 | AN6: 19 | AO6: 10 | AP6: 6 | AV6: =SUM('Quadrat PtCounts'!AY49:AY67) -> 46 | AW6: 3 | AX6: 1 | BA6: =SUM('Quadrat PtCounts'!BD49:BD66) -> 167 | BC6: 9 | BD6: =SUM('Quadrat PtCounts'!BG49:BG67) -> 34 | BJ6: =SUM('Quadrat PtCounts'!BM49:BM68) -> 52 | BK6: =SUM(C6:BJ6) -> 399
A7: 45318 | B7: near shore | I7: 2 | O7: 3 | AN7: 8 | AP7: 1 | AV7: 14 | BA7: 11 | BD7: 4 | BJ7: =SUM('Quadrat PtCounts'!BM69:BM80) -> 40 | BK7: =SUM(C7:BJ7) -> 83
