Workbook
Name THEREST: LAMBDA(left, right, self, amount, amount-(left+right))

Sheet Metadata
A1: Date | B1: Location | C1: Team Leader | D1: Team Members | E1: Stressful Events? | F1: Low Tide Time | G1: Low Tide Height | H1: # in field group | I1: # T lines | J1: Longest T (m) | K1: Dist between T pts for Q | L1: # Quad/T | M1: Start time | N1: End time | O1: Weather | P1: Rain events? | Q1: Wave Height | R1: Wind speed | S1: # Visitors | T1: # fishing | U1: # collecting | V1: What collecting? | W1: Notes
A2: 45388 | B2: `Ewa | C2: Addison | D2: Biscut, Blue, Cassie | E2: No | F2: 0.35972222 | G2: -0.16 | H2: 4 | I2: 4 | J2: 20 | K2: 2 | L2: 11 | M2: 0.30555556 | N2: 0.4375 | O2: Partly cloudy | P2: yes | Q2: 1-3 ft | R2: 20mph | S2: 3 | T2: 1 | U2: 0
A3: 45389 | B3: `Ewa | C3: Aadya | D3: Patrick, Nate, Aadya, Ritu | E3: No | F3: 0.38541667 | G3: -0.2 | H3: 5 | I3: 4 | J3: 22 | K3: 2 | L3: 12 | M3: 0.34166667 | N3: 0.39583333 | O3: Cloudy | P3: No | Q3: 7-10ft | R3: 19-24mph | S3: 4 | T3: 2 | U3: 0 | V3: N/A
A4: 45305 | B4: Ewa Beach | C4: Jo | D4: Biscuit, Ritu, Aadya | E4: No | F4: 0.54166667 | G4: 0.1 | H4: 13 | I4: 3 | J4: 24 | K4: 2 | L4: 12 | M4: 0.54583333 | N4: 0.58680556 | O4: Sunny | P4: No | Q4: 1-3 ft | R4: 4-7 mph | S4: 3 | T4: 1 | U4: 2 | V4: Limu
A5: 45332 | B5: Ewa Beach | C5: Josue | D5: Hikaru, Kirby, Josue, Elijah | E5: No | F5: 0.47916667 | G5: -0.19 | H5: 4 | I5: 4 | J5: 22 | K5: 2 | L5: 45576 | M5: 0.45486111 | N5: 0.048611111 | O5: Sunny | P5: No | Q5: 1-3 ft | R5: 7-9 mph | S5: 5 | T5: 0 | U5: 0
A6: 45346 | B6: Kalaeloa | C6: Patrick | D6: Nate, Aadaya, Sophia | E6: No | F6: 0.45486111 | G6: 0.5 | H6: 4 | I6: 4 | J6: 35 | M6: 0.40486111 | N6: 0.49652778 | O6: Cloudy | P6: No | Q6: 5 | R6: 20 | S6: 45422 | T6: 1 | U6: 0
A7: 45353 | B7: Kalaeloa | C7: Nate | D7: Sophia, Nate, Aadya, Ritu | E7: No | F7: 0.051388889 | G7: 0.01 | H7: 4 | I7: 4 | J7: 20 | K7: 2 | L7: 10 | M7: 0.5 | N7: 0.065972222 | O7: Partly cloudy | P7: No | Q7: 1-3 ft | R7: 10-14 mph | S7: 8 | T7: 2 | U7: 0
A8: 45360 | B8: Kalaeloa | C8: Ritu | D8: Sophia, Nate, Aadya, Ritu | E8: No | F8: 0.42847222 | G8: -0.03 | H8: 4 | I8: 4 | J8: 20 | K8: 2 | L8: 10 | M8: 0.38194444 | N8: 0.42152778 | O8: Partly cloudy | P8: Yes | Q8: 1-3ft | R8: 8-12mph | S8: 7 | T8: 3 | U8: 0 | W8: 3 people fishing but using 7 lines
A9: 45332 | B9: Kalealoa | C9: Sophia | D9: Sophia, Nate, Aadya, Ritu | E9: No | F9: 0.48472222 | G9: 0.4 | H9: 5 | I9: 4 | J9: 20 | K9: 2 | L9: 10 | M9: 0.42430556 | N9: 0.51388889 | O9: Partly sunny | P9: Yes | Q9: 4-6 ft | R9: 4-7 mph | S9: 12 | T9: 6 | U9: 0 | W9: Sharp rocks, strong waves
A10: 45318 | B10: Le'ahi | C10: Elijah | D10: Hikaru, Kirby, Josue | E10: Yes | F10: 0.51180556 | G10: 0 | H10: 4 | I10: 4 | J10: 13 | K10: 2 | L10: 45639 | M10: 0.45833333 | N10: 0.045138889 | O10: Cloudy | P10: Yes | Q10: 4.6 ft | R10: 18 kts | S10: 4 | T10: 0 | U10: 2 | V10: Fish
A11: 45333 | B11: Lē'ahi | C11: Kirby | D11: Hikaru, Kirby, Josue, Elijah | E11: No | F11: 0.50069444 | G11: -0.3 | H11: 4 | I11: 4 | J11: 13 | K11: 2 | L11: 45576 | M11: 0.45138889 | N11: 0.51041667 | O11: Sunny | P11: No | Q11: 4 ft | R11: 7-9 mph | S11: 45422 | T11: 0 | U11: 0
A12: 45346 | B12: Lē'ahi | C12: Hikaru | D12: Hikaru, Kirby, Josue, Elijah | E12: No | F12: 0.45486111 | G12: -0.02 | H12: 4 | I12: 4 | J12: 13 | K12: 2 | L12: 10 | M12: 0.42361111 | N12: 0.48958333 | O12: Cloudy | P12: Yes | Q12: 7-10ft | R12: 17mph | S12: 13-20 | T12: 2 | U12: 7 | V12: Geology data
A13: 45347 | B13: Leahi | C13: Josue | D13: Hikaru, Kirby, Josue, Elijah | E13: No | F13: 0.46875 | G13: -0.04 | H13: 4 | I13: 4 | J13: 13 | K13: 2 | L13: 10 | M13: 0.43055556 | N13: 0.49305556 | O13: Partly cloudy | P13: No | Q13: 4-6 ft | R13: 13-18 | S13: 15 | T13: 4
A14: 45332 | B14: Mamala Bay | C14: Addison | D14: Blue, Addison, Buscuit, Cassie | E14: No | F14: 0.47916667 | G14: -0.2 | H14: 4 | I14: 4 | J14: 40 | K14: 5 | L14: 8 | M14: 0.41666667 | N14: 0.52777778 | O14: Sunny | P14: No | Q14: 1-3ft | R14: 14 mph | S14: 1 | T14: 0 | U14: 0
A15: 45346 | B15: Mamala Bay | C15: Cassie | D15: Addison, Biscuit, Blue, Cassie | E15: No | F15: 0.45486111 | H15: 4 | I15: 4 | J15: 40 | K15: 5 | L15: 8 | M15: 0.39930556 | N15: 0.47916667 | O15: Light rain | P15: Yes | Q15: 45294 | R15: 45516 | S15: 0 | T15: 0 | U15: 0
A16: 45347 | B16: Mamala Bay | C16: Blue | D16: Addison, Biscuit, Blue, Cassie | E16: No | F16: 0.4375 | H16: 4 | I16: 4 | J16: 40 | K16: 5 | L16: 8 | M16: 0.38541667 | N16: 0.47916667 | O16: Light rain | P16: Yes | Q16: 45294 | R16: 45389 | S16: 45355 | T16: 2 | U16: 0

Sheet Quadrat PtCounts
BS1: Invertebrates | CI1: Substrate | CQ1: Total
A2: Date | B2: Location | C2: Data Entry By | D2: # T | E2: Position # on Transect (m) | F2: Acanthophora spicifera | G2: Amansia sp. | H2: Articulated Coralline | I2: Asparagopsis sp | J2: Astronema breviarticulatum | K2: Astronema sp. | L2: Ahnfeltiopsis sp | M2: Avrainvillea sp. | N2: Avrainvillea lacerata | O2: Bryopsis sp. | P2: Bornatella sphaerica | Q2: Caulerpa racemosa | R2: CCA | S2: Cerramium sp | T2: cerracia | U2: Chaetomorpha basiretrorsa | V2: Chnoospora sp | W2: Cladophora sp | X2: Codium sp | Y2: Codium arabicum | Z2: Codium edule | AA2: Codium reediae | AB2: Colpomenia sp. | AC2: Colpomenia sinuosa | AD2: Cyanobacteria | AE2: Dasya iridescens | AF2: Dichotomaria marginata | AG2: Dictyosphaeria cavernosa | AH2: Dictyosphaeria versluysii | AI2: Dictyosphaeria sp. | AJ2: Dictyota sp | AK2: Dictyota acutiloba | AL2: Dictyota sandvicensis | AM2: Dichtyopterous | AN2: Gelidiella sp | AO2: Gracilaria sp. | AP2: Gracilaria salicronia | AQ2: Halimeda sp | AR2: Hydroclathrus clathratus | AS2: Ulva | AT2: Hypnea sp. | AU2: Jania pumila | AV2: Jania sp | AW2: Laurencia sp. | AX2: Laurencia majuscula | AY2: Laurencia mcdermidiae | AZ2: Laurencia nidifica | BA2: Liagora sp | BB2: Lobophora sp | BC2: Lobophora obscura | BD2: Lyngbya sp | BE2: Microdictyon sp. | BF2: Neomeris sp | BG2: Portieria | BH2: Pterocladiella | BI2: Padina sp. | BJ2: Sargassum sp. | BK2: Sargassum aquifolium | BL2: Sargassum polyphyllum | BM2: Sphaecelaria sp | BN2: Symploca hypnoides | BO2: Trichogloea sp | BP2: Turbinaria ornata | BQ2: Valonia sp. | BR2: Turf | BS2: Cucumber- Actinopyga | BT2: Hermet crab | BU2: Crab | BV2: Echinometra | BW2: Snail- Dendropoma gregarium | BX2: Urchin | BY2: Cucumber- Holothuria | BZ2: Haminoea cymbalum - green snail | CA2: Pennaria disticha (christmas tree hydroid) | CB2: Pocillopora damicornis | CC2: Sea Star | CD2: Snail- Littoraria | CE2: Snail - Nerite | CF2: Snail- Serpulorbis | CG2: Snail- Siphonaria normalis | CH2: sponge | CI2: Sand | CJ2: limestone | CK2: Bare Rock | CL2: Rubble | CM2: pebble | CN2: hole | CO2: Brown Crust | CP2: unknown | CQ2: Total Points | CS2: Within 2m proximity of attached coral colony? (Y/N) (Mamala Bay only) | CT2: Sediment Depth | CU2: Unknown Bulbous Algae
A3: 45305 | B3: ʻEwa | C3: Cassie | D3: 2 | E3: 0 | AT3: 3 | AW3: 3 | BI3: 8 | CL3: 11 | CQ3: =SUM(F3:CN3) -> 25
A4: 45305 | B4: ʻEwa | C4: Cassie | D4: 2 | E4: 2 | W4: 1 | AP4: 6 | BI4: 10 | BJ4: 1 | BR4: 7 | CQ4: =SUM(F4:CN4) -> 25
A5: 45305 | B5: ʻEwa | C5: Cassie | D5: 2 | E5: 4 | H5: 2 | N5: 10 | R5: 5 | W5: 1 | AP5: 1 | BI5: 5 | BR5: 1 | CQ5: =SUM(F5:CN5) -> 25
A6: 45305 | B6: ʻEwa | C6: Cassie | D6: 2 | E6: 6 | N6: 2 | W6: 2 | AG6: 1 | AP6: 1 | AT6: 1 | AW6: 1 | BI6: 14 | BR6: 1 | CI6: 2 | CQ6: =SUM(F6:CN6) -> 25
A7: 45305 | B7: ʻEwa | C7: Cassie | D7: 2 | E7: 8 | N7: 8 | AI7: 3 | AP7: 2 | AT7: 6 | BI7: 5 | BR7: 1 | CQ7: =SUM(F7:CN7) -> 25
A8: 45305 | B8: ʻEwa | C8: Hikaru | D8: 2 | E8: 10 | N8: 6 | AF8: 1 | AJ8: 1 | AP8: 3 | AT8: 2 | BI8: 6 | BR8: 3 | CI8: 3 | CQ8: =SUM(F8:CN8) -> 25
A9: 45305 | B9: ʻEwa | C9: Hikaru | D9: 2 | E9: 12 | H9: 1 | AI9: 1 | AP9: 1 | AT9: 12 | AW9: 1 | BI9: 1 | CK9: 8 | CQ9: =SUM(F9:CN9) -> 25
A10: 45305 | B10: ʻEwa | C10: Hikaru | D10: 2 | E10: 14 | F10: 5 | W10: 1 | AL10: 2 | BB10: 1 | BI10: 13 | CI10: 3 | CQ10: =sum(F10:CN10) -> 25
A11: 45305 | B11: ʻEwa | C11: Hikaru | D11: 2 | E11: 16 | F11: 8 | N11: 7 | BI11: 10 | CQ11: =sum(F11:CN11) -> 25
A12: 45305 | B12: ʻEwa | C12: Hikaru | D12: 2 | E12: 18 | F12: 2 | AG12: 2 | BI12: 10 | CK12: 11 | CQ12: =sum(F12:CN12) -> 25
A13: 45305 | B13: ʻEwa | C13: Hikaru | D13: 2 | E13: 20 | BI13: 10 | CI13: 10 | CK13: 5 | CQ13: =sum(F13:CN13) -> 25
A14: 45305 | B14: ʻEwa | C14: Hikaru | D14: 2 | E14: 22 | P14: 1 | BI14: 11 | CK14: 13 | CQ14: =sum(F14:CN14) -> 25
A15: 45305 | B15: ʻEwa | C15: Kirby | D15: 3 | E15: 0 | H15: 1 | R15: 9 | AG15: 2 | AL15: 2 | BI15: 7 | BR15: 3 | CN15: 1 | CQ15: =sum(F15:CN15) -> 25
A16: 45305 | B16: ʻEwa | C16: Kirby | D16: 3 | E16: 2 | H16: 2 | AG16: 1 | AL16: 2 | AP16: 6 | BI16: 7 | BR16: 7 | CQ16: =sum(F16:CN16) -> 25
A17: 45305 | B17: ʻEwa | C17: Kirby | D17: 3 | E17: 4 | F17: 1 | R17: 2 | AG17: 1 | AL17: 4 | AT17: 2 | BE17: 1 | BI17: 3 | BR17: 10 | CI17: 1 | CQ17: =sum(F17:CN17) -> 25
A18: 45305 | B18: ʻEwa | C18: Addison | D18: 3 | E18: 6 | F18: 1 | N18: 2 | AW18: 5 | BB18: 1 | BE18: 6 | BI18: 5 | BP18: 2 | BR18: 1 | CN18: 2 | CQ18: =sum(F18:CN18) -> 25
A19: 45305 | B19: ʻEwa | C19: Addison | D19: 3 | E19: 8 | N19: 3 | R19: 1 | AL19: 1 | AP19: 1 | AT19: 2 | BE19: 1 | BI19: 13 | BR19: 3 | CQ19: =sum(F19:CN19) -> 25
A20: 45305 | B20: ʻEwa | C20: Addison | D20: 3 | E20: 10 | AT20: 5 | BI20: 15 | BR20: 2 | CN20: 3 | CQ20: =sum(F20:CN20) -> 25
A21: 45305 | B21: ʻEwa | C21: Biscuit | D21: 3 | E21: 12 | AT21: 2 | AW21: 15 | BE21: 4 | BI21: 2 | CA21: 1 | CK21: 1 | CQ21: =SUM(F21:CN21) -> 25
A22: 45305 | B22: ʻEwa | C22: Biscuit | D22: 3 | E22: 14 | F22: 2 | N22: 6 | AT22: 1 | AW22: 7 | BE22: 3 | BI22: 3 | BO22: 1 | CK22: 2 | CQ22: =SUM(F22:CN22) -> 25
A23: 45305 | B23: ʻEwa | C23: Biscuit | D23: 3 | E23: 16 | F23: 2 | N23: 3 | AI23: 2 | AW23: 11 | BE23: 6 | BI23: 1 | CQ23: =SUM(F23:CN23) -> 25
A24: 45305 | B24: ʻEwa | C24: Biscuit | D24: 3 | E24: 18 | N24: 7 | P24: 1 | AG24: 1 | AI24: 1 | AT24: 1 | AV24: 1 | AW24: 1 | BI24: 2 | CI24: 3 | CK24: 4 | CL24: 3 | CQ24: =SUM(F24:CN24) -> 25
A25: 45305 | B25: ʻEwa | C25: Biscuit | D25: 3 | E25: 20 | P25: 1 | AI25: 2 | AW25: 1 | BI25: 5 | BR25: 1 | CK25: 11 | CL25: 4 | CQ25: =SUM(F25:CN25) -> 25
A26: 45305 | B26: ʻEwa | C26: Biscuit | D26: 3 | E26: 22 | P26: 1 | AI26: 1 | BR26: 5 | CK26: 14 | CL26: 4 | CQ26: =SUM(F26:CN26) -> 25
A27: 45305 | B27: ʻEwa | C27: Josue | D27: 1 | E27: 22 | AL27: 1 | AV27: 1 | BA27: 1 | BI27: 1 | CI27: 5 | CK27: 13 | CL27: 3 | CQ27: =SUM(F27:CN27) -> 25
A28: 45305 | B28: ʻEwa | C28: Josue | D28: 1 | E28: 20 | N28: 5 | AL28: 3 | BI28: 11 | CI28: 5 | CK28: 1 | CQ28: =SUM(F28:CN28) -> 25
A29: 45305 | B29: ʻEwa | C29: Josue | D29: 1 | E29: 18 | N29: 5 | X29: 1 | AL29: 6 | AV29: 1 | BF29: 2 | BI29: 5 | CI29: 5 | CQ29: =SUM(F29:CN29) -> 25
A30: 45305 | B30: ʻEwa | C30: Josue | D30: 1 | E30: 16 | N30: 4 | AL30: 6 | AV30: 5 | BI30: 6 | CI30: 1 | CK30: 3 | CQ30: =SUM(F30:CN30) -> 25
A31: 45305 | B31: ʻEwa | C31: Josue | D31: 1 | E31: 14 | AL31: 5 | AW31: 1 | BI31: 14 | BJ31: 2 | CK31: 3 | CQ31: =SUM(F31:CN31) -> 25
A32: 45305 | B32: ʻEwa | C32: Josue | D32: 1 | E32: 12 | N32: 4 | R32: 1 | AW32: 6 | BE32: 2 | BI32: 11 | BZ32: 1 | CQ32: =SUM(F32:CN32) -> 25
A33: 45305 | B33: ʻEwa | C33: Josue | D33: 1 | E33: 10 | F33: 1 | G33: 2 | X33: 5 | AP33: 1 | AW33: 3 | BI33: 9 | BR33: 2 | CK33: 1 | CL33: 1 | CQ33: =SUM(F33:CN33) -> 25
A34: 45305 | B34: ʻEwa | C34: Blue | D34: 1 | E34: 8 | R34: 3 | W34: 1 | AP34: 1 | AT34: 5 | BI34: 15 | CQ34: =SUM(F34:CN34) -> 25
A35: 45305 | B35: ʻEwa | C35: Blue | D35: 1 | E35: 6 | R35: 3 | AW35: 6 | BB35: 5 | BE35: 1 | BI35: 6 | BJ35: 4 | CQ35: =SUM(F35:CN35) -> 25
A36: 45305 | B36: ʻEwa | C36: Blue | D36: 1 | E36: 4 | N36: 9 | R36: 10 | W36: 2 | AW36: 4 | CQ36: =SUM(F36:CN36) -> 25
A37: 45305 | B37: ʻEwa | C37: Blue | D37: 1 | E37: 2 | N37: 4 | R37: 3 | AW37: 15 | CI37: 3 | CQ37: =SUM(F37:CN37) -> 25
A38: 45305 | B38: ʻEwa | C38: Blue | D38: 1 | E38: 0 | N38: 6 | AG38: 1 | AW38: 4 | CK38: 14 | CQ38: =SUM(F38:CN38) -> 25
A39: 45318 | B39: Leʻahi | C39: Elijah | D39: 3 | E39: 13 | CK39: 25 | CQ39: =SUM(F39:CN39) -> 25
A40: 45318 | B40: Leʻahi | C40: Elijah | D40: 3 | E40: 12 | L40: 2 | BR40: 1 | CM40: 22 | CQ40: =SUM(F40:CN40) -> 25
A41: 45318 | B41: Leʻahi | C41: Elijah | D41: 3 | E41: 11 | AX41: 1 | BI41: 3 | BR41: 4 | CI41: 6 | CK41: 11 | CQ41: =SUM(F41:CN41) -> 25
A42: 45318 | B42: Leʻahi | C42: Elijah | D42: 3 | E42: 10 | BI42: 1 | BR42: 14 | CK42: 10 | CQ42: =SUM(F42:CN42) -> 25
A43: 45318 | B43: Leʻahi | C43: Elijah | D43: 3 | E43: 9 | P43: 1 | AQ43: 2 | AX43: 2 | BI43: 4 | BR43: 2 | CK43: 14 | CQ43: =SUM(F43:CN43) -> 25
A44: 45318 | B44: Leʻahi | C44: Elijah | D44: 3 | E44: 8 | P44: 2 | R44: 1 | AX44: 1 | BI44: 8 | CK44: 13 | CQ44: =SUM(F44:CN44) -> 25
A45: 45318 | B45: Leʻahi | C45: Elijah | D45: 3 | E45: 7 | P45: 2 | AX45: 2 | BI45: 12 | BL45: 3 | CI45: 3 | CK45: 3 | CQ45: =SUM(F45:CN45) -> 25
A46: 45318 | B46: Leʻahi | C46: Elijah | D46: 3 | E46: 6 | R46: 4 | BD46: 1 | BE46: 3 | BI46: 14 | CK46: 3 | CQ46: =SUM(F46:CN46) -> 25
A47: 45318 | B47: Leʻahi | C47: Elijah | D47: 3 | E47: 5 | R47: 2 | AX47: 1 | BD47: 6 | BI47: 7 | CK47: 4 | CM47: 5 | CQ47: =SUM(F47:CN47) -> 25
A48: 45318 | B48: Leʻahi | C48: Elijah | D48: 3 | E48: 4 | R48: 1 | BL48: 12 | BM48: 11 | CK48: 1 | CQ48: =SUM(F48:CN48) -> 25
A49: 45318 | B49: Leʻahi | C49: Elijah | D49: 3 | E49: 3 | F49: 2 | AL49: 1 | AX49: 4 | AY49: 4 | BD49: 1 | BK49: 2 | BL49: 4 | CK49: 7 | CQ49: =SUM(F49:CN49) -> 25
A50: 45318 | B50: Leʻahi | C50: Kirby | D50: 1 | E50: 3 | AL50: 4 | AY50: 12 | BK50: 3 | BL50: 5 | CK50: 1 | CQ50: =SUM(F50:CN50) -> 25
A51: 45318 | B51: Leʻahi | C51: Kirby | D51: 1 | E51: 4 | AY51: 1 | BK51: 14 | BL51: 5 | CK51: 6 | CQ51: =SUM(F51:CN51) -> 26
A52: 45318 | B52: Leʻahi | C52: Kirby | D52: 1 | E52: 5 | R52: 1 | BI52: 4 | BK52: 9 | BL52: 10 | CK52: 1 | CQ52: =SUM(F52:CN52) -> 25
A53: 45318 | B53: Leʻahi | C53: Kirby | D53: 1 | E53: 6 | BI53: 17 | BL53: 1 | BR53: 7 | CQ53: =SUM(F53:CN53) -> 25
A54: 45318 | B54: Leʻahi | C54: Kirby | D54: 1 | E54: 7 | AW54: 7 | BI54: 13 | BR54: 5 | CQ54: =SUM(F54:CN54) -> 25
A55: 45318 | B55: Leʻahi | C55: Kirby | D55: 1 | E55: 8 | AQ55: 3 | BI55: 6 | BL55: 7 | BR55: 9 | CQ55: =SUM(F55:CN55) -> 25
A56: 45318 | B56: Leʻahi | C56: Kirby | D56: 1 | E56: 9 | AQ56: 2 | BI56: 3 | BL56: 2 | BR56: 18 | CQ56: =SUM(F56:CN56) -> 25
A57: 45318 | B57: Leʻahi | C57: Kirby | D57: 1 | E57: 10 | BI57: 5 | BR57: 15 | CK57: 5 | CQ57: =SUM(F57:CN57) -> 25
A58: 45318 | B58: Leʻahi | C58: Kirby | D58: 1 | E58: 11 | BI58: 2 | BR58: 4 | BW58: 2 | CK58: 14 | CM58: 3 | CQ58: =SUM(F58:CN58) -> 25
A59: 45318 | B59: Leʻahi | C59: Kirby | D59: 1 | E59: 12 | CK59: 25 | CQ59: =SUM(F59:CN59) -> 25
A60: 45318 | B60: Leʻahi | C60: Kirby | D60: 1 | E60: 13 | CG60: 1 | CK60: 24 | CQ60: =SUM(F60:CN60) -> 25
A61: 45318 | B61: Lēʻahi | C61: Hikaru | D61: 4 | E61: 1 | BD61: 1 | BK61: 18 | BP61: 3 | CK61: 3 | CQ61: =sum(F61:CN61) -> 25
A62: 45318 | B62: Lēʻahi | C62: Hikaru | D62: 4 | E62: 2 | AW62: 1 | BI62: 4 | BK62: 5 | BL62: 13 | CK62: 2 | CQ62: =sum(F62:CN62) -> 25
A63: 45318 | B63: Lēʻahi | C63: Hikaru | D63: 4 | E63: 3 | P63: 1 | AT63: 2 | AW63: 1 | BD63: 2 | BI63: 7 | BL63: 6 | BR63: 6 | CQ63: =sum(F63:CN63) -> 25
A64: 45318 | B64: Lēʻahi | C64: Hikaru | D64: 4 | E64: 4 | BI64: 25 | CQ64: =sum(F64:CN64) -> 25
A65: 45318 | B65: Lēʻahi | C65: Hikaru | D65: 4 | E65: 5 | P65: 1 | AL65: 1 | AT65: 2 | AW65: 2 | BI65: 9 | BL65: 7 | CK65: 3 | CQ65: =sum(F65:CN65) -> 25
A66: 45318 | B66: Lēʻahi | C66: Hikaru | D66: 4 | E66: 6 | AQ66: 1 | AV66: 3 | BI66: 11 | BL66: 3 | CK66: 7 | CQ66: =sum(F66:CN66) -> 25
A67: 45318 | B67: Lēʻahi | C67: Hikaru | D67: 4 | E67: 7 | P67: 1 | AQ67: 2 | BD67: 1 | BI67: 9 | BR67: 2 | CK67: 10 | CQ67: =sum(F67:CN67) -> 25
A68: 45318 | B68: Lēʻahi | C68: Hikaru | D68: 4 | E68: 8 | P68: 1 | AV68: 8 | BI68: 6 | BR68: 1 | CK68: 9 | CQ68: =sum(F68:CN68) -> 25
A69: 45318 | B69: Lēʻahi | C69: Hikaru | D69: 4 | E69: 9 | BD69: 19 | BR69: 4 | CK69: 2 | CQ69: =sum(F69:CN69) -> 25
A70: 45318 | B70: Lēʻahi | C70: Hikaru | D70: 4 | E70: 10 | CK70: 25 | CQ70: =sum(F70:CN70) -> 25
A71: 45318 | B71: Lēʻahi | C71: Hikaru | D71: 4 | E71: 11 | CE71: 1 | CK71: 24 | CQ71: =sum(F71:CN71) -> 25
A72: 45318 | B72: Lēʻahi | C72: Hikaru | D72: 2 | E72: 2 | AL72: 8 | AW72: 1 | AY72: 11 | BK72: 3 | BL72: 1 | CK72: 1 | CQ72: =SUM(F72:CN72) -> 25
A73: 45318 | B73: Lēʻahi | C73: Hikaru | D73: 2 | E73: 3 | AL73: 6 | AY73: 3 | BK73: 11 | BL73: 3 | CK73: 2 | CQ73: =SUM(F73:CN73) -> 25
A74: 45318 | B74: Lēʻahi | C74: Hikaru | D74: 2 | E74: 4 | S74: 1 | AI74: 2 | BD74: 1 | BE74: 4 | BK74: 2 | BL74: 14 | CK74: 1 | CQ74: =SUM(F74:CN74) -> 25
A75: 45318 | B75: Lēʻahi | C75: Hikaru | D75: 2 | E75: 5 | P75: 1 | AL75: 9 | AW75: 1 | BI75: 14 | CQ75: =SUM(F75:CN75) -> 25
A76: 45318 | B76: Lēʻahi | C76: Hikaru | D76: 2 | E76: 6 | BD76: 3 | BF76: 1 | BI76: 20 | BL76: 1 | CQ76: =SUM(F76:CN76) -> 25
A77: 45318 | B77: Lēʻahi | C77: Hikaru | D77: 2 | E77: 7 | P77: 2 | BD77: 12 | BI77: 8 | CK77: 3 | CQ77: =SUM(F77:CN77) -> 25
A78: 45318 | B78: Lēʻahi | C78: Hikaru | D78: 2 | E78: 8 | P78: 4 | BD78: 4 | BI78: 2 | BR78: 4 | CK78: 11 | CQ78: =SUM(F78:CN78) -> 25
A79: 45318 | B79: Lēʻahi | C79: Hikaru | D79: 2 | E79: 9 | AL79: 3 | AQ79: 4 | AV79: 8 | BI79: 4 | CK79: 6 | CQ79: =SUM(F79:CN79) -> 25
A80: 45318 | B80: Lēʻahi | C80: Hikaru | D80: 2 | E80: 10 | S80: 3 | AV80: 4 | BD80: 6 | BW80: 4 | CK80: 8 | CQ80: =SUM(F80:CN80) -> 25
A81: 45318 | B81: Lēʻahi | C81: Hikaru | D81: 2 | E81: 11 | AV81: 4 | BD81: 8 | BL81: 4 | BR81: 2 | CK81: 7 | CQ81: =SUM(F81:CN81) -> 25
A82: 45332 | B82: ʻEwa | C82: Kirby | D82: 2 | E82: 2 | N82: 7 | R82: 1 | Y82: 4 | BE82: 5 | BI82: 6 | CH82: 1 | CM82: 1 | CQ82: =SUM(F82:CN82) -> 25
A83: 45332 | B83: ʻEwa | C83: Kirby | D83: 2 | E83: 4 | P83: 1 | R83: 1 | Y83: 4 | AL83: 1 | AP83: 1 | AT83: 1 | BE83: 7 | BI83: 7 | CK83: 2 | CQ83: =SUM(F83:CN83) -> 25
A84: 45332 | B84: ʻEwa | C84: Kirby | D84: 2 | E84: 6 | N84: 2 | R84: 10 | Y84: 1 | AI84: 2 | AJ84: 1 | BE84: 2 | BI84: 3 | BR84: 2 | CK84: 2 | CQ84: =SUM(F84:CN84) -> 25
A85: 45332 | B85: ʻEwa | C85: Kirby | D85: 2 | E85: 8 | N85: 2 | R85: 1 | U85: 6 | AL85: 1 | AT85: 4 | AW85: 1 | BE85: 1 | BI85: 8 | CK85: 1 | CQ85: =SUM(F85:CN85) -> 25
A86: 45332 | B86: ʻEwa | C86: Kirby | D86: 2 | E86: 10 | AI86: 1 | AJ86: 1 | AT86: 2 | AW86: 1 | BE86: 4 | BI86: 7 | BP86: 7 | CK86: 1 | CQ86: =SUM(F86:CN86) -> 24
A87: 45332 | B87: ʻEwa | C87: Kirby | D87: 2 | E87: 12 | U87: 2 | AI87: 1 | AJ87: 2 | AT87: 3 | AW87: 2 | BE87: 6 | BI87: 5 | BR87: 2 | CK87: 2 | CQ87: =SUM(F87:CN87) -> 25
A88: 45332 | B88: ʻEwa | C88: Kirby | D88: 2 | E88: 14 | AI88: 3 | AT88: 2 | BI88: 9 | BR88: 1 | CI88: 5 | CK88: 5 | CQ88: =SUM(F88:CN88) -> 25
A89: 45332 | B89: ʻEwa | C89: Kirby | D89: 2 | E89: 16 | N89: 2 | AI89: 3 | BE89: 1 | BI89: 4 | BR89: 1 | BZ89: 1 | CI89: 7 | CK89: 6 | CQ89: =SUM(F89:CN89) -> 25
A90: 45332 | B90: ʻEwa | C90: Kirby | D90: 2 | E90: 18 | AJ90: 3 | BI90: 15 | CI90: 6 | CK90: 1 | CQ90: =SUM(F90:CN90) -> 25
A91: 45332 | B91: ʻEwa | C91: Kirby | D91: 2 | E91: 20 | BA91: 6 | CI91: 8 | CK91: 11 | CQ91: =SUM(F91:CN91) -> 25
A92: 45332 | B92: ʻEwa | C92: Hikaru | D92: 3 | E92: 2 | N92: 1 | U92: 1 | AI92: 2 | AJ92: 4 | AP92: 1 | AT92: 1 | AW92: 4 | BE92: 3 | BI92: 8 | CQ92: =SUM(F92:CN92) -> 25
A93: 45332 | B93: ʻEwa | C93: Hikaru | D93: 3 | E93: 4 | U93: 2 | AI93: 1 | AJ93: 1 | AP93: 3 | AT93: 2 | BE93: 1 | BI93: 10 | CK93: 5 | CQ93: =SUM(F93:CN93) -> 25
A94: 45332 | B94: ʻEwa | C94: Hikaru | D94: 3 | E94: 6 | N94: 1 | X94: 1 | AI94: 7 | AJ94: 5 | AT94: 1 | AV94: 1 | AW94: 1 | BI94: 5 | CK94: 3 | CQ94: =SUM(F94:CN94) -> 25
A95: 45332 | B95: ʻEwa | C95: Hikaru | D95: 3 | E95: 8 | N95: 1 | AI95: 1 | AJ95: 3 | AP95: 1 | AT95: 2 | AV95: 1 | BI95: 12 | CK95: 4 | CQ95: =SUM(F95:CN95) -> 25
A96: 45332 | B96: ʻEwa | C96: Hikaru | D96: 3 | E96: 10 | N96: 2 | AJ96: 7 | AW96: 4 | BE96: 1 | BI96: 8 | CK96: 2 | CQ96: =SUM(F96:CN96) -> 24
A97: 45332 | B97: ʻEwa | C97: Hikaru | D97: 3 | E97: 12 | U97: 2 | AJ97: 2 | AW97: 2 | BI97: 19 | CQ97: =SUM(F97:CN97) -> 25
A98: 45332 | B98: ʻEwa | C98: Hikaru | D98: 3 | E98: 14 | N98: 7 | AJ98: 2 | BI98: 15 | CK98: 1 | CQ98: =SUM(F98:CN98) -> 25
A99: 45332 | B99: ʻEwa | C99: Hikaru | D99: 3 | E99: 16 | AI99: 3 | AJ99: 4 | BI99: 2 | BR99: 6 | CK99: 10 | CQ99: =SUM(F99:CN99) -> 25
A100: 45332 | B100: ʻEwa | C100: Hikaru | D100: 3 | E100: 18 | N100: 1 | AI100: 3 | BI100: 4 | BR100: 2 | CK100: 15 | CQ100: =SUM(F100:CN100) -> 25
...

Sheet Quadrat PercentCover
A1: Each transect on each field trip gets ONE line on this sheet (each line should add up to 100 percent) | BX1: Invertebrates | CM1: Substrate | CV1: Total
A2: Date | B2: Location | C2: Data Entry By | D2: # T | E2: Position # on Transect (m) | F2: Acanthophora spicifera | G2: Articulated Coralline | H2: Asteronema sp | I2: Astronema breviarticulatum | J2: Asparagopsis taxiformis | K2: Ahnfeltiopsis sp | L2: Amansia sp. | M2: Avrainvillea sp | N2: Avrainvillea lacerata | O2: Bornatella sphaerica | P2: Botrocladia sp. | Q2: Bryopsis sp. | R2: Caulerpa racemosa | S2: CCA | T2: Cerramium sp | U2: Chaetomorpha basiretrorsa | V2: Chnoospora sp. | W2: Cladophora sp | X2: Cladophora sericea | Y2: Codium sp. | Z2: Codium arabicum | AA2: Codium edule | AB2: Codium reediae | AC2: Colpomenia sp. | AD2: Colpomenia sinuosa | AE2: cyanobacteria | AF2: Dasya iridescens | AG2: Dichotomaria marginata | AH2: Dictyosphaeria sp | AI2: Dictyosphaeria cavernosa | AJ2: Dictyosphaeria versluysii | AK2: Dictyota sp | AL2: Dictyota sandvicensis | AM2: Dichtyopteris sp. | AN2: Gelidiella sp | AO2: Gracillaria sp | AP2: Gracilaria salicornia | AQ2: Halimeda sp. | AR2: Halimeda discoidea | AS2: Hypnea sp. | AT2: Hydroclathrus clathratus | AU2: Jania sp | AV2: Laurencia sp | AW2: Laurencia majuscula | AX2: Laurencia mcdermidiae | AY2: Laurencia nidifica | AZ2: Liagora sp | BA2: Lobophora sp. | BB2: Lobophora obscura | BC2: Lyngbya majuscula | BD2: Marienria sp | BE2: Microdictyon sp | BF2: Neomeris sp. | BG2: Orange crust | BH2: Padina sp | BI2: Pocillopora damicornis | BJ2: Pocillopora meandrina | BK2: Portieria sp | BL2: Pterocladiella capillacea | BM2: Sargassum sp. | BN2: Sargassum aquifolium | BO2: Sargassum polyphyllum | BP2: Sphaecelaria sp | BQ2: Symploca hydnoides | BR2: Trichogloea sp | BS2: Turbinaria ornata | BT2: Turf | BU2: Ulva Lactuca | BV2: Valonia sp. | BX2: Cucumber- Actinopyga | BY2: Urchin - Echinometra mathaei | BZ2: Cucumber- Holothuria | CA2: Haminoea cymbalum - green snail | CB2: nudibranch | CC2: Pennaria disticha (christmas tree hydroid) | CD2: Sea Star | CE2: Snail- Dendropoma | CF2: Snail- Littoraria | CG2: Snail - Nerite | CH2: Snail- Morula uva | CI2: Snail- Serpulorbis | CJ2: Snail- Siphonaria normalis | CK2: Sponge | CL2: Red crab | CM2: Sand | CN2: pebbles | CO2: limestone | CP2: Rubble | CQ2: brown crust | CR2: Bare Rock | CS2: hole | CT2: Coral | CU2: unknon | CV2: Total Points
A3: 45305 | B3: ʻEwa | C3: Cassie | D3: 2 | E3: 0 | S3: 0.08 | AS3: 0.2 | BH3: 0.4 | CP3: 0.32 | CV3: =SUM(F3:CU3) -> 1
A4: 45305 | B4: ʻEwa | C4: Cassie | D4: 2 | E4: 2 | S4: 0.04 | W4: 0.16 | AL4: 0.04 | AP4: 0.16 | BH4: 0.4 | BM4: 0.12 | BT4: 0.08 | CB4: 0.01 | CV4: =SUM(F4:CU4) -> 1.01
A5: 45305 | B5: ʻEwa | C5: Cassie | D5: 2 | E5: 4 | N5: 0.4 | W5: 0.08 | AS5: 0.12 | BH5: 0.16 | BT5: 0.24 | CV5: =SUM(F5:CU5) -> 1
A6: 45305 | B6: ʻEwa | C6: Cassie | D6: 2 | E6: 6 | N6: 0.16 | AH6: 0.08 | AP6: 0.08 | AV6: 0.16 | BH6: 0.4 | BT6: 0.04 | CM6: 0.08 | CV6: =SUM(F6:CU6) -> 1
A7: 45305 | B7: ʻEwa | C7: Cassie | D7: 2 | E7: 8 | AH7: 0.2 | AP7: 0.12 | AS7: 0.28 | BH7: 0.28 | BT7: 0.04 | CM7: 0.08 | CV7: =SUM(F7:CU7) -> 1
A8: 45305 | B8: ʻEwa | C8: Hikaru | D8: 2 | E8: 10 | N8: 0.25 | AG8: 0.01 | AP8: 0.04 | AS8: 0.25 | BH8: 0.25 | CM8: 0.2 | CV8: =SUM(F8:CU8) -> 1
A9: 45305 | B9: ʻEwa | C9: Hikaru | D9: 2 | E9: 12 | G9: 0.01 | AP9: 0.01 | AS9: 0.5 | AV9: 0.01 | BH9: 0.01 | CR9: 0.46 | CV9: =SUM(F9:CU9) -> 1
A10: 44940 | B10: `Ewa (Pu`uloa) | C10: Addison | D10: 3 | E10: 0 | S10: 0.5 | AL10: 0.1 | BH10: 0.3 | BT10: 0.1 | CV10: =SUM(F10:CU10) -> 1
A11: 44940 | B11: `Ewa (Pu`uloa) | C11: Addison | D11: 3 | E11: 2 | AP11: 0.3 | BH11: 0.3 | BT11: 0.4 | CV11: =SUM(F11:CU11) -> 1
A12: 44940 | B12: `Ewa (Pu`uloa) | C12: Addison | D12: 3 | E12: 4 | S12: 0.1 | AS12: 0.15 | AV12: 0.15 | BE12: 0.1 | BH12: 0.2 | BT12: 0.3 | CV12: =SUM(F12:CU12) -> 1
A13: 44940 | B13: `Ewa (Pu`uloa) | C13: Addison | D13: 3 | E13: 6 | N13: 0.2 | S13: 0.1 | AS13: 0.1 | AV13: 0.3 | BH13: 0.2 | BT13: 0.1 | CV13: =SUM(F13:CU13) -> 1
A14: 44940 | B14: `Ewa (Pu`uloa) | C14: Addison | D14: 3 | E14: 8 | N14: 0.1 | AI14: 0.1 | AV14: 0.2 | BH14: 0.5 | BT14: 0.1 | CV14: =SUM(F14:CU14) -> 1
A15: 44940 | B15: `Ewa (Pu`uloa) | C15: Addison | D15: 3 | E15: 10 | AS15: 0.1 | BH15: 0.7 | BT15: 0.1 | CS15: 0.1 | CV15: =SUM(F15:CU15) -> 1
A16: 45305 | B16: ʻEwa | C16: Sophia | D16: 2 | E16: 22 | O16: 0.01 | BH16: 0.5 | CR16: 0.49 | CV16: =SUM(F16:CU16) -> 1
A17: 45305 | B17: ʻEwa | C17: Sophia | D17: 2 | E17: 20 | BH17: 0.38 | CM17: 0.3 | CR17: 0.24 | CV17: =SUM(F17:CU17) -> 0.92
A18: 44940 | B18: ʻEwa | C18: Sophia | D18: 2 | E18: 18 | N18: 0.17 | AI18: 0.03 | BH18: 0.25 | CR18: 0.55 | CV18: =SUM(F18:CU18) -> 1
A19: 44940 | B19: ʻEwa | C19: Sophia | D19: 2 | E19: 16 | F19: 0.19 | N19: 0.14 | W19: 0.07 | BH19: 0.33 | CR19: 0.27 | CV19: =SUM(F19:CU19) -> 1
A20: 44940 | B20: ʻEwa | C20: Sophia | D20: 2 | E20: 14 | F20: 0.13 | AL20: 0.01 | BA20: 0.01 | BH20: 0.52 | CR20: 0.32 | CV20: =SUM(F20:CU20) -> 0.99
A21: 44940 | B21: ʻEwa | C21: Aadya | D21: 3 | E21: 12 | AL21: 0.05 | AS21: 0.1 | AV21: 0.5 | BE21: 0.1 | BH21: 0.1 | CC21: 0.05 | CM21: 0.1 | CV21: =SUM(F21:CU21) -> 1
A22: 44940 | B22: ʻEwa | C22: Aadya | D22: 3 | E22: 14 | F22: 0.05 | AL22: 0.05 | AS22: 0.1 | AV22: 0.2 | BE22: 0.1 | BH22: 0.25 | BM22: 0.05 | BR22: 0.05 | CA22: 0.05 | CM22: 0.1 | CV22: =SUM(F22:CU22) -> 1
A23: 44940 | B23: ʻEwa | C23: Aadya | D23: 3 | E23: 16 | F23: 0.15 | N23: 0.1 | AH23: 0.05 | AV23: 0.3 | BE23: 0.15 | BH23: 0.15 | CM23: 0.1 | CV23: =SUM(F23:CU23) -> 1
A24: 44940 | B24: ʻEwa | C24: Aadya | D24: 3 | E24: 18 | N24: 0.2 | O24: 0.05 | AH24: 0.05 | AV24: 0.1 | BH24: 0.25 | CM24: 0.2 | CP24: 0.15 | CV24: =SUM(F24:CU24) -> 1
A25: 44940 | B25: ʻEwa | C25: Aadya | D25: 3 | E25: 20 | O25: 0.11 | AH25: 0.2 | AV25: 0.01 | BH25: 0.18 | CM25: 0.05 | CR25: 0.45 | CV25: =SUM(F25:CU25) -> 1
A26: 44940 | B26: ʻEwa | C26: Aadya | D26: 3 | E26: 22 | O26: 0.02 | AH26: 0.03 | AU26: 0.03 | AV26: 0.03 | BH26: 0.02 | BT26: 0.33 | CP26: 0.06 | CR26: 0.48 | CV26: =SUM(F26:CU26) -> 1
A27: 44940 | B27: ʻEwa | C27: Josue | D27: 1 | E27: 22 | AZ27: 0.05 | BH27: 0.05 | CM27: 0.4 | CR27: 0.5 | CV27: =SUM(F27:CU27) -> 1
A28: 44940 | B28: ʻEwa | C28: Josue | D28: 1 | E28: 20 | N28: 0.2 | AL28: 0.05 | AV28: 0.05 | BH28: 0.15 | CM28: 0.55 | CV28: =SUM(F28:CU28) -> 1
A29: 44940 | B29: ʻEwa | C29: Josue | D29: 1 | E29: 18 | N29: 0.05 | AL29: 0.25 | AU29: 0.05 | BH29: 0.1 | CM29: 0.55 | CV29: =SUM(F29:CU29) -> 1
A30: 44940 | B30: ʻEwa | C30: Josue | D30: 1 | E30: 16 | AL30: 0.15 | BH30: 0.15 | BM30: 0.15 | CA30: 0.01 | CM30: 0.54 | CV30: =SUM(F30:CU30) -> 1
A31: 44940 | B31: ʻEwa | C31: Josue | D31: 1 | E31: 14 | N31: 0.2 | AL31: 0.1 | AV31: 0.05 | BH31: 0.4 | BM31: 0.05 | CM31: 0.2 | CV31: =SUM(F31:CU31) -> 1
A32: 44940 | B32: ʻEwa | C32: Josue | D32: 1 | E32: 12 | F32: 0.2 | AL32: 0.05 | AP32: 0.05 | AU32: 0.05 | BH32: 0.4 | CR32: 0.25 | CV32: =SUM(F32:CU32) -> 1
A33: 44940 | B33: ʻEwa | C33: Josue | D33: 1 | E33: 10 | Y33: 0.1 | AU33: 0.1 | AV33: 0.05 | BE33: 0.1 | BH33: 0.35 | BM33: 0.1 | CR33: 0.2 | CV33: =SUM(F33:CU33) -> 1
A34: 44940 | B34: ʻEwa | C34: Nate | D34: 1 | E34: 8 | S34: 0.3 | AS34: 0.4 | BH34: 0.3 | CV34: =SUM(F34:CU34) -> 1
A35: 44940 | B35: ʻEwa | C35: Nate | D35: 1 | E35: 6 | S35: 0.1 | AV35: 0.2 | BA35: 0.2 | BH35: 0.3 | BM35: 0.05 | CM35: 0.15 | CV35: =SUM(F35:CU35) -> 1
A36: 44940 | B36: ʻEwa | C36: Nate | D36: 1 | E36: 4 | N36: 0.6 | S36: 0.15 | W36: 0.05 | AV36: 0.3 | CV36: =SUM(F36:CU36) -> 1.1
A37: 44940 | B37: ʻEwa | C37: Nate | D37: 1 | E37: 2 | N37: 0.1 | S37: 0.1 | AV37: 0.7 | CM37: 0.1 | CV37: =SUM(F37:CU37) -> 1
A38: 44940 | B38: ʻEwa | C38: Nate | D38: 1 | E38: 0 | N38: 0.05 | AV38: 0.05 | CR38: 0.9 | CV38: =SUM(F38:CU38) -> 1
A39: 45318 | B39: Leʻahi | C39: Kirby | D39: 1 | E39: 3 | AL39: 0.08 | AX39: 0.3 | BG39: 0.05 | BN39: 0.08 | BO39: 0.1 | CR39: 0.39 | CV39: =SUM(F39:CU39) -> 1
A40: 45318 | B40: Leʻahi | C40: Kirby | D40: 1 | E40: 4 | AX40: 0.1 | BC40: 0.03 | BN40: 0.5 | BO40: 0.05 | CR40: 0.32 | CV40: =SUM(F40:CU40) -> 1
A41: 45318 | B41: Leʻahi | C41: Kirby | D41: 1 | E41: 5 | BE41: 0.01 | BF41: 0.01 | BH41: 0.16 | BN41: 0.2 | BO41: 0.35 | CR41: 0.27 | CV41: =SUM(F41:CU41) -> 1
A42: 45318 | B42: Leʻahi | C42: Kirby | D42: 1 | E42: 6 | BH42: 0.8 | BO42: 0.01 | BT42: 0.15 | CR42: 0.04 | CV42: =SUM(F42:CU42) -> 1
A43: 45318 | B43: Leʻahi | C43: Kirby | D43: 1 | E43: 7 | AV43: 0.1 | BH43: 0.4 | BT43: 0.1 | CR43: 0.4 | CV43: =SUM(F43:CU43) -> 1
A44: 45318 | B44: Leʻahi | C44: Kirby | D44: 1 | E44: 8 | AQ44: 0.1 | BH44: 0.2 | BO44: 0.2 | BT44: 0.25 | CR44: 0.25 | CV44: =SUM(F44:CU44) -> 1
A45: 45318 | B45: Leʻahi | C45: Kirby | D45: 1 | E45: 9 | AQ45: 0.05 | BH45: 0.1 | BO45: 0.1 | BT45: 0.72 | CR45: 0.03 | CV45: =SUM(F45:CU45) -> 1
A46: 45318 | B46: Leʻahi | C46: Kirby | D46: 1 | E46: 10 | BC46: 0.02 | BH46: 0.1 | BT46: 0.83 | CR46: 0.05 | CV46: =SUM(F46:CU46) -> 1
A47: 45318 | B47: Leʻahi | C47: Kirby | D47: 1 | E47: 11 | Y47: 0.02 | AQ47: 0.02 | BO47: 0.05 | CE47: 0.05 | CN47: 0.16 | CR47: 0.7 | CV47: =SUM(F47:CU47) -> 1
A48: 45318 | B48: Leʻahi | C48: Kirby | D48: 1 | E48: 12 | CR48: 1 | CV48: =SUM(F48:CU48) -> 1
A49: 45318 | B49: Leʻahi | C49: Kirby | D49: 1 | E49: 13 | CJ49: 0.05 | CR49: 0.95 | CV49: =SUM(F49:CU49) -> 1
A50: 45318 | B50: Leʻahi | C50: Elijah | D50: 3 | E50: 13 | CF50: 0.02 | CJ50: 0.02 | CR50: 0.96 | CV50: =SUM(F50:CU50) -> 1
A51: 45318 | B51: Leʻahi | C51: Elijah | D51: 3 | E51: 12 | K51: 0.02 | BT51: 0.02 | CM51: 0.1 | CN51: 0.76 | CR51: 0.1 | CV51: =SUM(F51:CU51) -> 1
A52: 45318 | B52: Leʻahi | C52: Elijah | D52: 3 | E52: 11 | BH52: 0.04 | BT52: 0.2 | CM52: 0.7 | CR52: 0.06 | CV52: =SUM(F52:CU52) -> 1
A53: 45318 | B53: Leʻahi | C53: Elijah | D53: 3 | E53: 10 | O53: 0.02 | BH53: 0.01 | BN53: 0.02 | BT53: 0.25 | CR53: 0.7 | CV53: =SUM(F53:CU53) -> 1
A54: 45318 | B54: Leʻahi | C54: Elijah | D54: 3 | E54: 9 | O54: 0.01 | AQ54: 0.02 | AW54: 0.01 | BH54: 0.04 | BT54: 0.03 | CR54: 0.89 | CV54: =SUM(F54:CU54) -> 1
A55: 45318 | B55: Leʻahi | C55: Elijah | D55: 3 | E55: 8 | O55: 0.04 | S55: 0.01 | AQ55: 0.01 | BC55: 0.02 | BH55: 0.1 | CR55: 0.82 | CV55: =SUM(F55:CU55) -> 1
A56: 45318 | B56: Leʻahi | C56: Elijah | D56: 3 | E56: 7 | O56: 0.01 | AN56: 0.01 | AQ56: 0.01 | BH56: 0.15 | BO56: 0.12 | CM56: 0.1 | CR56: 0.6 | CV56: =SUM(F56:CU56) -> 1
A57: 45318 | B57: Leʻahi | C57: Elijah | D57: 3 | E57: 6 | O57: 0.01 | S57: 0.04 | AN57: 0.01 | BC57: 0.03 | BE57: 0.01 | BH57: 0.4 | BO57: 0.01 | CR57: 0.49 | CV57: =SUM(F57:CU57) -> 1
A58: 45318 | B58: Leʻahi | C58: Elijah | D58: 3 | E58: 5 | S58: 0.03 | BC58: 0.09 | BE58: 0.02 | BF58: 0.01 | BH58: 0.1 | BO58: 0.01 | CN58: 0.17 | CR58: 0.57 | CV58: =SUM(F58:CU58) -> 1
A59: 45318 | B59: Leʻahi | C59: Elijah | D59: 3 | E59: 4 | S59: 0.01 | BN59: 0.37 | BO59: 0.58 | CR59: 0.04 | CV59: =SUM(F59:CU59) -> 1
A60: 45318 | B60: Leʻahi | C60: Elijah | D60: 3 | E60: 3 | AL60: 0.05 | AW60: 0.04 | AX60: 0.15 | BC60: 0.03 | BN60: 0.24 | BO60: 0.06 | CR60: 0.43 | CV60: =SUM(F60:CU60) -> 1
A61: 45318 | B61: Lēʻahi | C61: Hikaru | D61: 4 | E61: 1 | AX61: 0.05 | BC61: 0.03 | BN61: 0.8 | BS61: 0.1 | CR61: 0.02 | CV61: =SUM(F61:CU61) -> 1
A62: 45318 | B62: Lēʻahi | C62: Hikaru | D62: 4 | E62: 2 | AV62: 0.02 | BH62: 0.1 | BN62: 0.15 | BO62: 0.7 | CR62: 0.03 | CV62: =SUM(F62:CU62) -> 1
A63: 45318 | B63: Lēʻahi | C63: Hikaru | D63: 4 | E63: 3 | AS63: 0.05 | BC63: 0.05 | BH63: 0.4 | BO63: 0.2 | BT63: 0.2 | CR63: 0.1 | CV63: =SUM(F63:CU63) -> 1
A64: 45318 | B64: Lēʻahi | C64: Hikaru | D64: 4 | E64: 4 | AQ64: 0.03 | BH64: 0.9 | BO64: 0.05 | CR64: 0.02 | CV64: =SUM(F64:CU64) -> 1
A65: 45318 | B65: Lēʻahi | C65: Hikaru | D65: 4 | E65: 5 | AS65: 0.05 | AV65: 0.05 | BH65: 0.5 | BO65: 0.25 | CR65: 0.15 | CV65: =SUM(F65:CU65) -> 1
A66: 45318 | B66: Lēʻahi | C66: Hikaru | D66: 4 | E66: 6 | BA66: 0.1 | BH66: 0.6 | BO66: 0.1 | CR66: 0.2 | CV66: =SUM(F66:CU66) -> 1
A67: 45318 | B67: Lēʻahi | C67: Hikaru | D67: 4 | E67: 7 | AQ67: 0.1 | BC67: 0.1 | BH67: 0.25 | CR67: 0.55 | CV67: =SUM(F67:CU67) -> 1
A68: 45318 | B68: Lēʻahi | C68: Hikaru | D68: 4 | E68: 8 | BA68: 0.1 | BH68: 0.2 | BT68: 0.1 | CR68: 0.6 | CV68: =SUM(F68:CU68) -> 1
A69: 45318 | B69: Lēʻahi | C69: Hikaru | D69: 4 | E69: 9 | BC69: 0.5 | BT69: 0.2 | CR69: 0.3 | CV69: =SUM(F69:CU69) -> 1
A70: 45318 | B70: Lēʻahi | C70: Hikaru | D70: 4 | E70: 10 | CR70: 1 | CV70: =SUM(F70:CU70) -> 1
A71: 45318 | B71: Lēʻahi | C71: Hikaru | D71: 4 | E71: 11 | CG71: 0.02 | CR71: 0.98 | CV71: =SUM(F71:CU71) -> 1
A72: 45318 | B72: Lēʻahi | C72: Hikaru | D72: 2 | E72: 2 | AL72: 0.3 | AX72: 0.25 | BN72: 0.25 | BO72: 0.1 | CR72: 0.1 | CV72: =SUM(F72:CU72) -> 1
A73: 45318 | B73: Lēʻahi | C73: Hikaru | D73: 2 | E73: 3 | AL73: 0.2 | BN73: 0.4 | BO73: 0.3 | CR73: 0.1 | CV73: =SUM(F73:CU73) -> 1
A74: 45318 | B74: Lēʻahi | C74: Hikaru | D74: 2 | E74: 4 | BC74: 0.05 | BE74: 0.1 | BN74: 0.2 | BO74: 0.6 | CR74: 0.05 | CV74: =SUM(F74:CU74) -> 1
A75: 45318 | B75: Lēʻahi | C75: Hikaru | D75: 2 | E75: 5 | BC75: 0.05 | BH75: 0.9 | BO75: 0.05 | CV75: =SUM(F75:CU75) -> 1
A76: 45318 | B76: Lēʻahi | C76: Hikaru | D76: 2 | E76: 6 | BC76: 0.03 | BH76: 0.9 | BO76: 0.05 | CR76: 0.02 | CV76: =SUM(F76:CU76) -> 1
A77: 45318 | B77: Lēʻahi | C77: Hikaru | D77: 2 | E77: 7 | O77: 0.05 | BC77: 0.5 | BH77: 0.3 | CR77: 0.15 | CV77: =SUM(F77:CU77) -> 1
A78: 45318 | B78: Lēʻahi | C78: Hikaru | D78: 2 | E78: 8 | O78: 0.2 | BC78: 0.2 | BH78: 0.4 | CR78: 0.2 | CV78: =SUM(F78:CU78) -> 1
A79: 45318 | B79: Lēʻahi | C79: Hikaru | D79: 2 | E79: 9 | AQ79: 0.1 | AU79: 0.45 | BH79: 0.05 | BO79: 0.1 | CR79: 0.3 | CV79: =SUM(F79:CU79) -> 1
A80: 45318 | B80: Lēʻahi | C80: Hikaru | D80: 2 | E80: 10 | T80: 0.1 | AU80: 0.15 | BC80: 0.35 | CE80: 0.2 | CR80: 0.2 | CV80: =SUM(F80:CU80) -> 1
A81: 45318 | B81: Lēʻahi | C81: Hikaru | D81: 2 | E81: 11 | AU81: 0.15 | BC81: 0.2 | BO81: 0.1 | BT81: 0.1 | CR81: 0.45 | CV81: =SUM(F81:CU81) -> 1
A82: 45332 | B82: ʻEwa | C82: Kirby | D82: 2 | E82: 2 | N82: 0.06 | Z82: 0.03 | AS82: 0.01 | AV82: 0.01 | BE82: 0.03 | BH82: 0.07 | CR82: 0.79 | CV82: =SUM(F82:CU82) -> 1
A83: 45332 | B83: ʻEwa | C83: Kirby | D83: 2 | E83: 4 | S83: 0.01 | Z83: 0.07 | AK83: 0.01 | AS83: 0.01 | AV83: 0.01 | BE83: 0.15 | BH83: 0.3 | CR83: 0.44 | CV83: =SUM(F83:CU83) -> 1
A84: 45332 | B84: ʻEwa | C84: Kirby | D84: 2 | E84: 6 | S84: 0.25 | Z84: 0.02 | AK84: 0.01 | AV84: 0.01 | BE84: 0.04 | BH84: 0.04 | CR84: 0.63 | CV84: =SUM(F84:CU84) -> 1
A85: 45332 | B85: ʻEwa | C85: Kirby | D85: 2 | E85: 8 | N85: 0.02 | S85: 0.06 | AK85: 0.02 | AV85: 0.01 | BE85: 0.01 | BH85: 0.08 | CR85: 0.8 | CV85: =SUM(F85:CU85) -> 1
A86: 45332 | B86: ʻEwa | C86: Kirby | D86: 2 | E86: 10 | N86: 0.01 | AK86: 0.02 | AV86: 0.02 | BE86: 0.2 | BH86: 0.25 | CR86: 0.5 | CV86: =SUM(F86:CU86) -> 1
A87: 45332 | B87: ʻEwa | C87: Kirby | D87: 2 | E87: 12 | AH87: 0.02 | AL87: 0.03 | AS87: 0.04 | BE87: 0.2 | BH87: 0.15 | BT87: 0.05 | CR87: 0.51 | CV87: =SUM(F87:CU87) -> 1
A88: 45332 | B88: ʻEwa | C88: Kirby | D88: 2 | E88: 14 | AH88: 0.08 | AS88: 0.04 | BH88: 0.2 | BT88: 0.01 | CM88: 0.47 | CR88: 0.2 | CV88: =SUM(F88:CU88) -> 1
A89: 45332 | B89: ʻEwa | C89: Kirby | D89: 2 | E89: 16 | N89: 0.15 | AH89: 0.08 | BE89: 0.01 | BH89: 0.08 | BT89: 0.01 | CM89: 0.47 | CR89: 0.2 | CV89: =SUM(F89:CU89) -> 1
A90: 45332 | B90: ʻEwa | C90: Kirby | D90: 2 | E90: 18 | AL90: 0.15 | BF90: 0.01 | BH90: 0.4 | CM90: 0.36 | CR90: 0.08 | CV90: =SUM(F90:CU90) -> 1
A91: 45332 | B91: ʻEwa | C91: Kirby | D91: 2 | E91: 20 | AE91: 0.05 | AZ91: 0.1 | BF91: 0.01 | BH91: 0.01 | CM91: 0.63 | CR91: 0.2 | CV91: =SUM(F91:CU91) -> 1
A92: 45332 | B92: ʻEwa | C92: Hikaru | D92: 3 | E92: 2 | N92: 0.1 | U92: 0.1 | Y92: 0.15 | AK92: 0.05 | AO92: 0.1 | BE92: 0.1 | BH92: 0.25 | CR92: 0.15 | CV92: =SUM(F92:CU92) -> 1
A93: 45332 | B93: ʻEwa | C93: Hikaru | D93: 3 | E93: 4 | U93: 0.05 | AH93: 0.1 | AK93: 0.05 | AO93: 0.05 | AS93: 0.05 | BH93: 0.5 | CR93: 0.2 | CV93: =SUM(F93:CU93) -> 1
A94: 45332 | B94: ʻEwa | C94: Hikaru | D94: 3 | E94: 6 | Y94: 0.02 | AH94: 0.2 | AK94: 0.1 | AS94: 0.05 | AU94: 0.05 | AV94: 0.02 | BH94: 0.1 | CR94: 0.46 | CV94: =SUM(F94:CU94) -> 1
A95: 45332 | B95: ʻEwa | C95: Hikaru | D95: 3 | E95: 8 | N95: 0.05 | AH95: 0.05 | AK95: 0.1 | AO95: 0.05 | AU95: 0.1 | BH95: 0.3 | CR95: 0.35 | CV95: =SUM(F95:CU95) -> 1
A96: 45332 | B96: ʻEwa | C96: Hikaru | D96: 3 | E96: 10 | N96: 0.1 | AK96: 0.25 | AV96: 0.2 | BE96: 0.05 | BH96: 0.25 | CR96: 0.15 | CV96: =SUM(F96:CU96) -> 1
A97: 45332 | B97: ʻEwa | C97: Hikaru | D97: 3 | E97: 12 | F97: 0.01 | N97: 0.02 | U97: 0.1 | AH97: 0.02 | AK97: 0.05 | BH97: 0.7 | CR97: 0.1 | CV97: =SUM(F97:CU97) -> 1
A98: 45332 | B98: ʻEwa | C98: Hikaru | D98: 3 | E98: 14 | N98: 0.3 | AH98: 0.02 | AK98: 0.1 | BH98: 0.5 | CR98: 0.08 | CV98: =SUM(F98:CU98) -> 1
A99: 45332 | B99: ʻEwa | C99: Hikaru | D99: 3 | E99: 16 | O99: 0.1 | AH99: 0.15 | AK99: 0.1 | BH99: 0.15 | CR99: 0.5 | CV99: =SUM(F99:CU99) -> 1
A100: 45332 | B100: ʻEwa | C100: Hikaru | D100: 3 | E100: 18 | N100: 0.05 | AH100: 0.1 | AK100: 0.02 | BH100: 0.1 | CR100: 0.73 | CV100: =SUM(F100:CU100) -> 1
...

Sheet Grouped Quadrat - PtCounts Sum
A1: Each field trip is ONE line on this sheet (combine across all quadrats for point counts) | F1: Algae | AY1: Invertebrates | BK1: Substrate | BP1: Total
A2: Date | B2: Location | C2: Data Entry By | D2: # T | E2: Total #Q | F2: Acanthophora spicifera | G2: Amansia sp. | H2: Articulated Coralline | I2: Asparagopsis sp | J2: Ahnfeltiopsis sp | K2: Avrainvillea lacerata | L2: Bornatella sphaerica | M2: CCA | N2: Cerramium sp | O2: Chaetomorpha basiretrorsa | P2: Chnoospora sp | Q2: Cladophora sp | R2: Codium sp | S2: Codium arabicum | T2: Codium edule | U2: Codium reediae | V2: Colpomenia sp. | W2: Dichotomaria marginata | X2: Dictyosphaeria cavernosa | Y2: Dictyosphaeria sp. | Z2: Dictyota sp | AA2: Dictyota sandvicensis | AB2: Gelidiella sp | AC2: Gracilaria sp. | AD2: Gracilaria salicronia | AE2: Halimeda sp | AF2: Hypnea sp. | AG2: Jania sp | AH2: Laurencia sp. | AI2: Laurencia majuscula | AJ2: Laurencia mcdermidiae | AK2: Laurencia nidifica | AL2: Liagora sp | AM2: Lobophora sp | AN2: Lyngbya sp | AO2: Microdictyon sp. | AP2: Neomeris sp | AQ2: Padina sp. | AR2: Sargassum sp. | AS2: Sargassum aquifolium | AT2: Sargassum polyphyllum | AU2: Sphaecelaria sp | AV2: Trichogloea sp | AW2: Turbinaria ornata | AX2: Turf | AY2: Cucumber- Actinopyga | AZ2: Snail- Dendropoma | BA2: Urchin | BB2: Cucumber- Holothuria | BC2: Haminoea cymbalum | BD2: Pennaria disticha (christmas tree hydroid) | BE2: Sea Star | BF2: Snail- Littoraria | BG2: Snail - Nerite | BH2: Snail- Serpulorbis | BI2: Sponge | BJ2: Snail- Siphonaria normalis | BK2: Sand | BL2: Bare Rock | BM2: Rubble | BN2: pebble | BO2: hole | BP2: Total Points
A3: 45305 | B3: ʻEwa | C3: Joanna | D3: 3 | E3: 36 | F3: 22 | G3: 2 | H3: 6 | I3: 0 | J3: 0 | K3: 91 | L3: 4 | M3: 37 | N3: 0 | Q3: 8 | R3: 6 | S3: 0 | T3: 0 | U3: 0 | W3: 1 | X3: 9 | Y3: 10 | Z3: 1 | AA3: 32 | AB3: 0 | AC3: 0 | AD3: 23 | AE3: 0 | AF3: 42 | AG3: 8 | AH3: 84 | AI3: 0 | AJ3: 0 | AK3: 0 | AL3: 1 | AM3: 7 | AN3: 0 | AO3: 24 | AP3: 2 | AQ3: 244 | AR3: 7 | AS3: 0 | AT3: 0 | AU3: 0 | AV3: 1 | AW3: 2 | AX3: 47 | AY3: 0 | AZ3: 0 | BA3: 0 | BB3: 0 | BC3: 1 | BD3: 1 | BE3: 0 | BF3: 0 | BG3: 0 | BH3: 0 | BI3: 0 | BJ3: 0 | BK3: 41 | BL3: 104 | BM3: 26 | BN3: 0 | BO3: 6 | BP3: 900
A4: 45318 | B4: Leahi | C4: Elijah | D4: 4 | E4: 42 | F4: 2 | G4: 0 | H4: 0 | I4: 0 | J4: 2 | K4: 0 | L4: 16 | M4: 9 | N4: 4 | Q4: 0 | R4: 0 | S4: 0 | T4: 0 | U4: 0 | W4: 0 | X4: 0 | Y4: 0 | Z4: 0 | AA4: 32 | AB4: 0 | AC4: 0 | AD4: 0 | AE4: 14 | AF4: 4 | AG4: 27 | AH4: 13 | AI4: 11 | AJ4: 31 | AK4: 0 | AL4: 0 | AM4: 0 | AN4: 65 | AO4: 7 | AP4: 1 | AQ4: 218 | AR4: 0 | AS4: 67 | AT4: 101 | AU4: 11 | AV4: 0 | AW4: 0 | AX4: 98 | AY4: 0 | AZ4: 6 | BA4: 0 | BB4: 0 | BC4: 0 | BD4: 0 | BE4: 0 | BF4: 0 | BG4: 1 | BH4: 0 | BI4: 0 | BJ4: 1 | BK4: 9 | BL4: 291 | BM4: 0 | BN4: 30 | BO4: 0 | BP4: =SUM(F4:BO4) -> 1071
A5: 45333 | B5: Lēʻahi | C5: Kirby | D5: 4 | E5: 41 | F5: 0 | G5: 0 | H5: 0 | I5: 0 | J5: 0 | K5: 0 | L5: 11 | M5: 22 | N5: 1 | Q5: 0 | R5: 0 | S5: 0 | T5: 0 | U5: 0 | W5: 0 | X5: 0 | Y5: 5 | Z5: 20 | AA5: 23 | AB5: 0 | AC5: 0 | AD5: 0 | AE5: 10 | AF5: 0 | AG5: 44 | AH5: 6 | AI5: 4 | AJ5: 53 | AK5: 0 | AL5: 1 | AM5: 1 | AN5: 37 | AO5: 13 | AP5: 0 | AQ5: 232 | AR5: 0 | AS5: 115 | AT5: 57 | AU5: 0 | AV5: 0 | AW5: 3 | AX5: 18 | AY5: 0 | AZ5: 56 | BA5: 0 | BB5: 0 | BC5: 0 | BD5: 0 | BE5: 0 | BF5: 0 | BG5: 0 | BH5: 0 | BI5: 0 | BJ5: 1 | BK5: 125 | BL5: 134 | BM5: 0 | BN5: 24 | BO5: 0 | BP5: =sum(F5:BO5) -> 1016
A6: 45332 | B6: Ewa | C6: Josue | D6: 4 | E6: 40 | F6: 1 | G6: 1 | K6: =sum('Quadrat PtCounts'!N82:N121) -> 54 | L6: 1 | M6: =SUM('Quadrat PtCounts'!R82:R121) -> 21 | O6: =SUM('Quadrat PtCounts'!U82:U121) -> 15 | P6: 1 | R6: 4 | Y6: =SUM('Quadrat PtCounts'!AI82:AI121) -> 35 | Z6: =SUM('Quadrat PtCounts'!AJ82:AJ121) -> 63 | AA6: =SUM('Quadrat PtCounts'!AL82:AL121) -> 11 | AB6: 2 | AD6: =SUM('Quadrat PtCounts'!AP82:AP121) -> 14 | AF6: =SUM('Quadrat PtCounts'!AT83:AT121) -> 63 | AG6: =SUM('Quadrat PtCounts'!AV82:AV121) -> 10 | AH6: =SUM('Quadrat PtCounts'!AW82:AW121) -> 45 | AI6: =SUM('Quadrat PtCounts'!AX83:AX121) -> 17 | AL6: 9 | AM6: 4 | AO6: =SUM('Quadrat PtCounts'!BE82:BE121) -> 96 | AP6: =SUM('Quadrat PtCounts'!BF82) -> 0 | AQ6: =SUM('Quadrat PtCounts'!BI82:BI121) -> 292 | AT6: 1 | AW6: =SUM('Quadrat PtCounts'!BP82:BP121) -> 25 | AX6: =SUM('Quadrat PtCounts'!BR82:BR121) -> 15 | BD6: 1 | BI6: 3 | BK6: =SUM('Quadrat PtCounts'!CI82:CI121) -> 78 | BL6: =SUM('Quadrat PtCounts'!CK82:CK121) -> 103 | BM6: =SUM('Quadrat PtCounts'!CL82:CL121) -> 0 | BN6: 2 | BO6: 0 | BP6: =SUM(B6:BO6) -> 1031
A7: 45346 | B7: Lēʻahi | C7: Hikaru | D7: 4 | E7: 42 | L7: =sum('Quadrat PtCounts'!P277:P318) -> 1 | M7: =sum('Quadrat PtCounts'!R277:R318) -> 14 | N7: =sum('Quadrat PtCounts'!S277:S318) -> 1 | O7: =sum('Quadrat PtCounts'!U277:U318) -> 2 | V7: =sum('Quadrat PtCounts'!AB277:AB318) -> 1 | Y7: 1 | Z7: =sum('Quadrat PtCounts'!AJ277:AJ318) -> 3 | AA7: =sum('Quadrat PtCounts'!AL277:AL318) -> 19 | AE7: =sum('Quadrat PtCounts'!AQ277:AQ318) -> 6 | AF7: =sum('Quadrat PtCounts'!AT277:AT318) -> 4 | AG7: =sum('Quadrat PtCounts'!AV277:AV318) -> 76 | AH7: =sum('Quadrat PtCounts'!AW277:AW318) -> 9 | AJ7: =sum('Quadrat PtCounts'!AY277:AY318) -> 29 | AN7: =sum('Quadrat PtCounts'!BD277:BD318) -> 32 | AO7: =sum('Quadrat PtCounts'!BE277:BE318) -> 11 | AP7: =sum('Quadrat PtCounts'!BF277:BF318) -> 2 | AQ7: =sum('Quadrat PtCounts'!BI277:BI318) -> 252 | AS7: =sum('Quadrat PtCounts'!BK277:BK318) -> 153 | AT7: =sum('Quadrat PtCounts'!BL277:BL318) -> 18 | AX7: =sum('Quadrat PtCounts'!BR277:BR318) -> 45 | AZ7: =sum('Quadrat PtCounts'!BW277:BW318) -> 26 | BJ7: =sum('Quadrat PtCounts'!CG277:CG318) -> 7 | BK7: =sum('Quadrat PtCounts'!CI277:CI318) -> 128 | BL7: =sum('Quadrat PtCounts'!CK277:CK318) -> 180 | BN7: =sum('Quadrat PtCounts'!CM277:CM318) -> 31 | BP7: =sum(F7:BO7) -> 1051
A8: 45388 | B8: Ewa | C8: Addison | D8: 4 | E8: 48 | F8: 0 | G8: 3 | H8: 0 | I8: 0 | J8: 0 | K8: 0 | L8: 0 | M8: 0 | N8: 52 | O8: 0 | P8: 1 | Q8: 0 | R8: 1 | S8: 0 | T8: 0 | U8: 0 | V8: 0 | W8: 27 | X8: 0 | Y8: 3 | Z8: 2 | AA8: 0 | AB8: 0 | AC8: 1 | AD8: 14 | AE8: 0 | AF8: 0 | AG8: 3 | AH8: 17 | AI8: 0 | AJ8: 0 | AK8: 36 | AL8: 8 | AM8: 0 | AN8: 0 | AO8: 0 | AP8: 9 | AQ8: 0 | AR8: 1 | AS8: 0 | AT8: 26 | AU8: 0 | AV8: 3 | AW8: 2 | AX8: 0 | AY8: 0 | AZ8: 0 | BA8: 0 | BB8: 1 | BC8: 2 | BD8: 0 | BE8: 24 | BF8: 0 | BG8: 0 | BH8: 0 | BI8: 147 | BJ8: 0 | BK8: 0 | BL8: 0 | BM8: 0 | BN8: 1 | BO8: 1 | BP8: 6 | BQ8: 0 | BR8: 50 | BS8: 1 | BT8: 0 | BU8: 0 | BV8: 2 | BW8: 0 | BX8: 0 | BY8: 0 | BZ8: 0 | CA8: 2 | CB8: 0 | CC8: 0 | CD8: 0 | CE8: 0 | CF8: 0 | CG8: 0 | CH8: 0 | CI8: 43 | CJ8: 98 | CK8: 4 | CL8: 7 | CM8: 0 | CN8: 0 | CO8: 0 | CP8: 1 | CQ8: 599

Sheet Grouped Quadrat - PercentCover 
A1: Each field trip is ONE line on this sheet (combine across all quadrats for percent cover) | AY1: Invertebrates | BK1: Substrate
A2: Date | B2: Location | C2: Data Entry By | D2: # T | E2: Total #Q | F2: Acanthophora spicifera | G2: Articulated Coralline | H2: Asparagopsis sp | I2: Asteronema sp | J2: Ahnfeltiopsis sp | K2: Avrainvillea lacerata | L2: Bornatella sphaerica | M2: CCA | N2: Cerramium sp | O2: Chaetomorphabasiretrorsa | P2: Cladophora sp | Q2: Codium sp. | R2: Codium arabicum | S2: Codium edule | T2: Codium reediae | U2: Dichotomaria marginata | V2: Dictyosphaeria sp | W2: Dictyosphaeria cavernosa | X2: Dictyota sp | Y2: Dictyota sandvicensis | Z2: Gelidiella sp | AA2: Gracillaria sp | AB2: Gracilaria salicornia | AC2: Halimeda sp. | AD2: Hypnea sp. | AE2: Jania sp | AF2: Laurencia sp | AG2: Laurencia majuscula | AH2: Laurencia mcdermidiae | AI2: Laurencia nidifica | AJ2: Liagora sp | AK2: Lobophora sp. | AL2: Lyngbya sp. | AM2: Microdictyon sp | AN2: Neomeris sp. | AO2: Padina sp | AP2: Sargassum sp. | AQ2: Sargassum aquifolium | AR2: Sargassum polyphyllum | AS2: Sphaecelaria sp | AT2: Trichogloea sp | AU2: Turbinaria ornata | AV2: Turf | AW2: orange crust | AY2: Cucumber- Actinopyga | AZ2: Urchin | BA2: Cucumber- Holothuria | BB2: Haminoea cymbalum | BC2: nudibranch | BD2: Pennaria disticha (christmas tree hydroid) | BE2: Sea Star | BF2: Snail- Dendropoma | BG2: Snail- Littoraria | BH2: Snail - Nerite | BI2: Snail- Serpulorbis | BJ2: Snail- Siphonaria normalis | BK2: Sand | BL2: pebbles | BM2: Rubble | BN2: Bare Rock | BO2: hole
A3: 45305 | B3: Ewa | C3: Joanna | D3: 3 | E3: 36 | F3: 0.144 | G3: 0.01 | K3: 0.19466667 | L3: 0.0475 | M3: 0.16333333 | P3: 0.09 | Q3: 0.1 | U3: 0.01 | V3: 0.10166667 | W3: 0.065 | Y3: 0.085 | AB3: 0.10857143 | AD3: 0.20909091 | AE3: 0.0575 | AF3: 0.18666667 | AJ3: 0.05 | AK3: 0.105 | AM3: 0.11 | AO3: 0.27969697 | AP3: 0.086666667 | AT3: 0.05 | AV3: 0.16636364 | BB3: 0.03 | BC3: 0.01 | BD3: 0.05 | BK3: 0.23125 | BM3: 0.17666667 | BN3: 0.42583333 | BO3: 0.1
A4: 45318 | B4: Lēʻahi | C4: Elijah | D4: 4 | E4: 42 | F4: 0 | G4: 0 | H4: 0 | J4: 0.02 | K4: 0 | L4: 0.16 | M4: 0.09 | N4: 0.1 | P4: 0 | Q4: 0.02 | R4: 0 | S4: 0 | T4: 0 | U4: 0 | V4: 0 | W4: 0 | X4: 0 | Y4: 0.18 | Z4: 0.02 | AA4: 0 | AB4: 0 | AC4: 0.17 | AD4: 0.1 | AE4: 0.75 | AF4: 0.08 | AG4: 0.05 | AH4: 0.85 | AI4: 0 | AJ4: 0 | AK4: 0.2 | AL4: 1.65 | AM4: 0.05 | AN4: 0.02 | AO4: 8.01 | AP4: 0 | AQ4: 3.21 | AR4: 4.24 | AS4: 0 | AT4: 0 | AU4: 0.1 | AV4: 3.22 | AW4: 0 | AX4: 0 | AY4: 0 | AZ4: 0 | BA4: 0 | BB4: 0 | BC4: 0 | BD4: 0 | BE4: 0 | BF4: 0.25 | BG4: 0.02 | BH4: 0.02 | BI4: 0 | BJ4: 0.07 | BK4: 0.9 | BL4: 1.11 | BM4: 0 | BN4: 15.61 | BO4: 0
A5: 45333 | B5: Lēʻahi | C5: Kirby | D5: 4 | E5: 41 | F5: 0 | G5: 0 | H5: 0 | J5: 0 | K5: 0 | L5: 0.013 | M5: 0.0625 | N5: 0.014 | P5: 0 | Q5: 0 | R5: 0 | S5: 0 | T5: 0 | U5: 0 | V5: 0.024 | W5: 0 | X5: 0.041 | Y5: 0.047 | Z5: 0 | AA5: 0 | AB5: 0.001 | AC5: 0.03 | AD5: 0 | AE5: 0.164 | AF5: 0.058 | AG5: 0 | AH5: 0.208 | AI5: 0 | AJ5: 0 | AK5: 0.03 | AL5: 0.0738 | AM5: 0.0278 | AN5: 0.012 | AO5: 0.362 | AP5: 0 | AQ5: 0.122 | AR5: 0.097 | AS5: 0 | AT5: 0 | AU5: 0 | AV5: 0.125 | AW5: 0 | AY5: 0 | AZ5: 0 | BA5: 0 | BB5: 0 | BC5: 0 | BD5: 0 | BE5: 0 | BF5: 0.383 | BG5: 0 | BH5: 0 | BI5: 0 | BJ5: 0.015 | BK5: 0.397 | BL5: 0.222 | BM5: 0 | BN5: 0.301 | BO5: 0
A6: 45346 | B6: Lēʻahi | C6: Hikaru | D6: 4 | E6: 42 | I6: =sum('Quadrat PercentCover'!H272:H313) -> 0.03 | L6: =sum('Quadrat PercentCover'!O272:O313) -> 0.23 | M6: =sum('Quadrat PercentCover'!S272:S313) -> 0.27 | N6: =sum('Quadrat PercentCover'!T272:T313) -> 0.16 | O6: =sum('Quadrat PercentCover'!U272:U313) -> 0.08 | V6: =sum('Quadrat PercentCover'!AH272:AH313) -> 0.03 | W6: =sum('Quadrat PercentCover'!AI272:AI313) -> 0.02 | X6: =sum('Quadrat PercentCover'!AK272:AK313) -> 0.08 | Y6: =sum('Quadrat PercentCover'!AL272:AL313) -> 0.94 | AC6: =sum('Quadrat PercentCover'!AQ272:AQ313) -> 0.31 | AD6: =sum('Quadrat PercentCover'!AS272:AS313) -> 0.01 | AE6: =sum('Quadrat PercentCover'!AU272:AU313) -> 2.85 | AF6: =sum('Quadrat PercentCover'!AV272:AV313) -> 0.24 | AH6: =sum('Quadrat PercentCover'!AX272:AX313) -> 0.9 | AL6: =sum('Quadrat PercentCover'!BC272:BC313) -> 0.57 | AM6: =sum('Quadrat PercentCover'!BE272:BE313) -> 0.33 | AN6: =sum('Quadrat PercentCover'!BF272:BF313) -> 0.13 | AO6: =sum('Quadrat PercentCover'!BH272:BH313) -> 8.2 | AQ6: =sum('Quadrat PercentCover'!BN272:BN313) -> 4.81 | AR6: =sum('Quadrat PercentCover'!BO272:BO313) -> 0.79 | AU6: =sum('Quadrat PercentCover'!BS272:BS313) -> 0.01 | AV6: =sum('Quadrat PercentCover'!BT272:BT313) -> 1.99 | BF6: =sum('Quadrat PercentCover'!CE272:CE313) -> 0.81 | BJ6: =sum('Quadrat PercentCover'!CJ272:CJ313) -> 0.18 | BK6: =sum('Quadrat PercentCover'!CM272:CM313) -> 7.25 | BL6: =sum('Quadrat PercentCover'!CN272:CN313) -> 1.47 | BN6: =sum('Quadrat PercentCover'!CR272:CR313) -> 9.31
A7: 45388 | B7: `Ewa | C7: Addison | D7: 4 | E7: 48 | F7: 0.013888889 | G7: 0.03125 | L7: 0.041666667 | N7: 0.19117037 | O7: 0.007 | S7: 0.017888889 | W7: 0.12013889 | Z7: 0.027777778 | AA7: 0.032407407 | AD7: 0.015 | AE7: 0.18272222 | AI7: 0.032222222 | AJ7: 0.024611111 | AK7: 0.027777778 | AL7: 0.02770202 | AP7: 0.027962963 | AS7: 0.21161111 | AT7: 0.002 | AU7: 0.048611111 | AZ7: 0.0075 | BA7: 0.0096296296 | BE7: 0.15781111 | BF7: 0.001 | BH7: 0.28230918 | BP7: 0.0056666667 | BQ7: 0.013888889 | BR7: 0.0094444444 | BS7: 0.018611111 | BT7: 0.12195556 | BY7: 0.0089814815 | CA7: 0.0037272727 | CB7: 0.01 | CC7: 0.013888889 | CE7: 0.005 | CK7: 0.01 | CM7: 0.11508547 | CO7: 0.24809804 | CP7: 0.086805556 | CR7: 0.027777778 | CU7: 0.031111111

Sheet Sediment Data
A1: Date | B1: Site | C1: Transect # | D1: Quadrat point # | E1: Distance from shore (m) | F1: Sediment Depth (mm) | G1: %Non-Invasive Algae Cover | I1: Acanthophora spicifera | J1: Articulated Coralline | K1: Asteronema sp | L1: Astronema breviarticulatum | M1: Asparagopsis sp | N1: Ahnfeltiopsis sp | O1: Amansia sp. | P1: Avrainvillea lacerata | Q1: Bornatella sphaerica | R1: Botrocladia sp. | S1: Bryopsis sp. | T1: Caulerpa racemosa | U1: CCA | V1: Cerramium sp | W1: Chaetomorpha basiretrorsa | X1: Chnoospora sp. | Y1: Cladophora sp | Z1: Codium sp. | AA1: Codium arabicum | AB1: Codium edule | AC1: Codium reediae | AD1: Colpomenia sp. | AE1: cyanobacteria | AF1: Dasya iridescens | AG1: Dichotomaria marginata | AH1: Dictyosphaeria sp | AI1: Dictyosphaeria cavernosa | AJ1: Dictyosphaeria versluysii | AK1: Dictyota sp | AL1: Dictyota sandvicensis | AM1: Dichtyopterous | AN1: Gelidiella sp | AO1: Gracillaria sp | AP1: Gracilaria salicornia | AQ1: Halimeda sp. | AR1: Halimeda discoidea | AS1: Hypnea sp. | AU1: Jania sp | AV1: Laurencia sp | AW1: Laurencia majuscula | AX1: Laurencia mcdermidiae | AY1: Laurencia nidifica | AZ1: Liagora sp | BA1: Lobophora sp. | BB1: Lyngbya sp. | BC1: Marienria | BD1: Microdictyon sp | BE1: Neomeris sp. | BF1: Orange crust | BG1: Padina sp | BH1: Pocillopora damicornis | BI1: Pocillopora meandrina | BJ1: Portieria | BK1: Pterocladiella capillacea | BL1: Sargassum sp. | BM1: Sargassum aquifolium | BN1: Sargassum polyphyllum | BO1: Sphaecelaria sp | BP1: Symploca hypnoides | BQ1: Trichogloea sp | BR1: Turbinaria ornata | BS1: Turf | BT1: Ulva Lactuca | BU1: Valonia sp. | BW1: Cucumber- Actinopyga | BX1: Urchin - Echinometra mathaei | BY1: Cucumber- Holothuria | BZ1: Haminoea cymbalum | CA1: nudibranch | CB1: Pennaria disticha (christmas tree hydroid) | CC1: Sea Star | CD1: Snail- Dendropoma | CE1: Snail- Littoraria | CF1: Snail - Nerite | CG1: Snail- Serpulorbis | CH1: Snail- Siphonaria normalis | CI1: Sponge | CJ1: Red crab | CK1: Sand | CL1: pebbles | CM1: limestone | CN1: Rubble | CO1: brown crust | CP1: Bare Rock | CQ1: hole | CR1: Coral
A2: 45332 | B2: Mamala | C2: 1 | D2: 40 | E2: 0 | F2: 0 | G2: =sum(I2:BU2)-(I2+P2+AE2+AO2+AP2+AS2+AU2+BB2+BS2) -> 0.55 | K2: 0.05 | U2: 0.1 | AP2: 0.05 | BG2: 0.4 | BS2: 0.4 | CS2: =sum(I2:CQ2) -> 1
A3: 45332 | B3: Mamala | C3: 1 | D3: 35 | E3: 5 | F3: 1 | G3: =sum(I3:BU3)-(I3+P3+AE3+AO3+AP3+AS3+AU3+BB3+BS3) -> 0.4 | U3: 0.1 | BA3: 0.05 | BG3: 0.25 | BS3: 0.5 | CK3: 0.1 | CS3: =sum(I3:CQ3) -> 1
A4: 45332 | B4: Mamala | C4: 1 | D4: 30 | E4: 10 | F4: 0 | G4: =sum(I4:BU4)-(I4+P4+AE4+AO4+AP4+AS4+AU4+BB4+BS4) -> 0.65 | K4: 0.1 | U4: 0.3 | BG4: 0.25 | BS4: 0.35 | CS4: =sum(I4:CQ4) -> 1
A5: 45332 | B5: Mamala | C5: 1 | D5: 25 | E5: 15 | F5: 1 | G5: =sum(I5:BU5)-(I5+P5+AE5+AO5+AP5+AS5+AU5+BB5+BS5) -> 0.5 | U5: 0.15 | BG5: 0.35 | CK5: 0.1 | CO5: 0.2 | CP5: 0.2 | CS5: =sum(I5:CQ5) -> 1
A6: 45332 | B6: Mamala | C6: 1 | D6: 20 | E6: 20 | F6: 1 | G6: =sum(I6:BU6)-(I6+P6+AE6+AO6+AP6+AS6+AU6+BB6+BS6) -> 0.2 | U6: 0.05 | BG6: 0.15 | BS6: 0.3 | CP6: 0.5 | CS6: =sum(I6:CQ6) -> 1
A7: 45332 | B7: Mamala | C7: 1 | D7: 15 | E7: 25 | F7: 0 | G7: =sum(I7:BU7)-(I7+P7+AE7+AO7+AP7+AS7+AU7+BB7+BS7) -> 0.15 | K7: 0.05 | AP7: 0.05 | BG7: 0.1 | BS7: 0.75 | CK7: 0.05 | CS7: =sum(I7:CQ7) -> 1
A8: 45332 | B8: Mamala | C8: 1 | D8: 10 | E8: 30 | F8: 5 | G8: =sum(I8:BU8)-(I8+P8+AE8+AO8+AP8+AS8+AU8+BB8+BS8) -> 0.1 | K8: 0.05 | U8: 0.05 | BX8: 0.05 | CK8: 0.75 | CM8: 0.1 | CS8: =sum(I8:CQ8) -> 1
A9: 45332 | B9: Mamala | C9: 1 | D9: 5 | E9: 35 | F9: 5 | G9: =sum(I9:BU9)-(I9+P9+AE9+AO9+AP9+AS9+AU9+BB9+BS9) -> 0.15 | K9: 0.1 | U9: 0.05 | AS9: 0.05 | CK9: 0.7 | CN9: 0.1 | CS9: =sum(I9:CQ9) -> 1
A10: 45332 | B10: Mamala | C10: 1 | D10: 0 | E10: 40 | F10: 1 | G10: =sum(I10:BU10)-(I10+P10+AE10+AO10+AP10+AS10+AU10+BB10+BS10) -> 0 | CK10: 1 | CS10: =sum(I10:CQ10) -> 1
A11: 45332 | B11: Mamala | C11: 2 | E11: 0 | G11: =sum(I11:BU11)-(I11+P11+AE11+AO11+AP11+AS11+AU11+BB11+BS11) -> 0.67166667 | J11: =5/36 -> 0.13888889 | P11: 0.005 | Q11: =4/36 -> 0.11111111 | U11: =9/36 -> 0.25 | AF11: 0.005 | AU11: =6/36 -> 0.16666667 | BA11: =1/36 -> 0.027777778 | BG11: =5/36 -> 0.13888889 | CN11: =1/36 -> 0.027777778 | CP11: =5/36 -> 0.13888889 | CS11: =sum(I11:CQ11) -> 1.01
A12: 45332 | B12: Mamala | C12: 2 | E12: 5 | G12: =sum(I12:BU12)-(I12+P12+AE12+AO12+AP12+AS12+AU12+BB12+BS12) -> 0.59333333 | Q12: 0.005 | U12: =3/36 -> 0.083333333 | AB12: =4/36 -> 0.11111111 | AS12: =11/36 -> 0.30555556 | AU12: =2/36 -> 0.055555556 | BA12: 0.005 | BB12: 0.005 | BG12: =14/36 -> 0.38888889 | CN12: =2/36 -> 0.055555556 | CP12: 0.005 | CS12: =sum(I12:CQ12) -> 1.02
A13: 45332 | B13: Mamala | C13: 2 | E13: 10 | G13: =sum(I13:BU13)-(I13+P13+AE13+AO13+AP13+AS13+AU13+BB13+BS13) -> 0.67166667 | U13: =1/36 -> 0.027777778 | AS13: =1/36 -> 0.027777778 | AU13: =6/36 -> 0.16666667 | AV13: 0.005 | BA13: =7/36 -> 0.19444444 | BG13: =16/36 -> 0.44444444 | BS13: =1/36 -> 0.027777778 | CN13: =4/36 -> 0.11111111 | CS13: =sum(I13:CQ13) -> 1.005
A14: 45332 | B14: Mamala | C14: 2 | E14: 15 | G14: =sum(I14:BU14)-(I14+P14+AE14+AO14+AP14+AS14+AU14+BB14+BS14) -> 0.42166667 | J14: 0.005 | U14: =2/36 -> 0.055555556 | AB14: =2/36 -> 0.055555556 | AU14: =7/36 -> 0.19444444 | BA14: =3/36 -> 0.083333333 | BG14: =8/36 -> 0.22222222 | CK14: =4/36 -> 0.11111111 | CN14: =10/36 -> 0.27777778 | CS14: =sum(I14:CQ14) -> 1.005
A15: 45332 | B15: Mamala | C15: 2 | E15: 20 | G15: =sum(I15:BU15)-(I15+P15+AE15+AO15+AP15+AS15+AU15+BB15+BS15) -> 0.755 | P15: 0.005 | U15: =3/36 -> 0.083333333 | AF15: 0.005 | AU15: 0.005 | BA15: =4/36 -> 0.11111111 | BG15: =20/36 -> 0.55555556 | BS15: =3/36 -> 0.083333333 | CN15: =6/36 -> 0.16666667 | CS15: =sum(I15:CQ15) -> 1.015
A16: 45332 | B16: Mamala | C16: 2 | E16: 25 | G16: =sum(I16:BU16)-(I16+P16+AE16+AO16+AP16+AS16+AU16+BB16+BS16) -> 0.755 | K16: 0.005 | U16: =1/36 -> 0.027777778 | AU16: =7/36 -> 0.19444444 | BA16: =7/36 -> 0.19444444 | BG16: =19/36 -> 0.52777778 | BS16: =2/36 -> 0.055555556 | CK16: 0.005 | CN16: 0.005 | CS16: =sum(I16:CQ16) -> 1.015
A17: 45332 | B17: Mamala | C17: 2 | E17: 30 | G17: =sum(I17:BU17)-(I17+P17+AE17+AO17+AP17+AS17+AU17+BB17+BS17) -> 0.18166667 | K17: =1/36 -> 0.027777778 | U17: =1/36 -> 0.027777778 | AA17: =2/36 -> 0.055555556 | AJ17: 0.005 | AU17: =12/36 -> 0.33333333 | BA17: =1/36 -> 0.027777778 | BD17: 0.005 | BE17: 0.005 | BG17: =1/36 -> 0.027777778 | BS17: =6/36 -> 0.16666667 | CP17: =12/36 -> 0.33333333 | CS17: =sum(I17:CQ17) -> 1.015
A18: 45332 | B18: Mamala | C18: 2 | E18: 35 | G18: =sum(I18:BU18)-(I18+P18+AE18+AO18+AP18+AS18+AU18+BB18+BS18) -> 0.11611111 | I18: 0.005 | K18: =1/36 -> 0.027777778 | U18: 0.005 | AS18: =12/36 -> 0.33333333 | AU18: =10/36 -> 0.27777778 | BA18: =1/36 -> 0.027777778 | BG18: =2/36 -> 0.055555556 | CK18: =10/36 -> 0.27777778 | CP18: 0.005 | CS18: =sum(I18:CQ18) -> 1.015
A19: 45332 | B19: Mamala | C19: 2 | E19: 40 | G19: =sum(I19:BU19)-(I19+P19+AE19+AO19+AP19+AS19+AU19+BB19+BS19) -> 0.060555556 | AU19: =5/36 -> 0.13888889 | AV19: =2/36 -> 0.055555556 | BE19: 0.005 | BS19: =1/36 -> 0.027777778 | CK19: =24/36 -> 0.66666667 | CN19: =3/36 -> 0.083333333 | CP19: =1/36 -> 0.027777778 | CS19: =sum(I19:CQ19) -> 1.005
A20: 45332 | B20: Mamala | C20: 3 | E20: 0 | G20: =sum(I20:BU20)-(I20+P20+AE20+AO20+AP20+AS20+AU20+BB20+BS20) -> 0.7 | K20: 0.25 | U20: 0.45 | AP20: 0.1 | BS20: 0.2 | CS20: =sum(I20:CQ20) -> 1
A21: 45332 | B21: Mamala | C21: 3 | E21: 5 | G21: =sum(I21:BU21)-(I21+P21+AE21+AO21+AP21+AS21+AU21+BB21+BS21) -> 0.55 | K21: 0.4 | U21: 0.15 | AP21: 0.05 | BS21: 0.15 | CK21: 0.15 | CN21: 0.1 | CS21: =sum(I21:CQ21) -> 1
A22: 45332 | B22: Mamala | C22: 3 | E22: 10 | G22: =sum(I22:BU22)-(I22+P22+AE22+AO22+AP22+AS22+AU22+BB22+BS22) -> 0.4 | K22: 0.4 | BS22: 0.3 | CK22: 0.1 | CM22: 0.2 | CS22: =sum(I22:CQ22) -> 1
A23: 45332 | B23: Mamala | C23: 3 | E23: 15 | G23: =sum(I23:BU23)-(I23+P23+AE23+AO23+AP23+AS23+AU23+BB23+BS23) -> 0.5 | I23: 0.1 | K23: 0.4 | AP23: 0.05 | BG23: 0.1 | BS23: 0.2 | CK23: 0.05 | CM23: 0.1 | CS23: =sum(I23:CQ23) -> 1
A24: 45332 | B24: Mamala | C24: 3 | E24: 20 | G24: =sum(I24:BU24)-(I24+P24+AE24+AO24+AP24+AS24+AU24+BB24+BS24) -> 0.45 | K24: 0.4 | AP24: 0.1 | BG24: 0.05 | BS24: 0.35 | CM24: 0.1 | CS24: =sum(I24:CQ24) -> 1
A25: 45332 | B25: Mamala | C25: 3 | E25: 25 | G25: =sum(I25:BU25)-(I25+P25+AE25+AO25+AP25+AS25+AU25+BB25+BS25) -> 0.35 | K25: 0.2 | U25: 0.15 | BS25: 0.3 | CK25: 0.2 | CN25: 0.15 | CS25: =sum(I25:CQ25) -> 1
A26: 45332 | B26: Mamala | C26: 3 | E26: 30 | G26: =sum(I26:BU26)-(I26+P26+AE26+AO26+AP26+AS26+AU26+BB26+BS26) -> 0.35 | K26: 0.2 | U26: 0.05 | AS26: 0.15 | AZ26: 0.1 | BS26: 0.2 | CK26: 0.2 | CN26: 0.1 | CS26: =sum(I26:CQ26) -> 1
A27: 45332 | B27: Mamala | C27: 3 | E27: 35 | G27: =sum(I27:BU27)-(I27+P27+AE27+AO27+AP27+AS27+AU27+BB27+BS27) -> 0.65 | I27: 0.05 | K27: 0.1 | U27: 0.2 | AK27: 0.25 | AS27: 0.3 | BA27: 0.1 | CS27: =sum(I27:CQ27) -> 1
A28: 45332 | B28: Mamala | C28: 3 | E28: 40 | G28: =sum(I28:BU28)-(I28+P28+AE28+AO28+AP28+AS28+AU28+BB28+BS28) -> 0.25 | J28: 0.1 | K28: 0.1 | BG28: 0.05 | CN28: 0.45 | CP28: 0.3 | CS28: =sum(I28:CQ28) -> 1
A29: 45346 | B29: Mamala Bay | C29: 4 | E29: 0 | G29: =sum(I29:BU29)-(I29+P29+AE29+AO29+AP29+AS29+AU29+BB29+BS29) -> 0.33333333 | K29: =5/36 -> 0.13888889 | U29: =4/36 -> 0.11111111 | AB29: =1/36 -> 0.027777778 | AU29: =13/36 -> 0.36111111 | BA29: =2/36 -> 0.055555556 | CK29: =1/36 -> 0.027777778 | CN29: =5/36 -> 0.13888889 | CP29: =5/36 -> 0.13888889 | CS29: =sum(I29:CQ29) -> 1
A30: 45346 | B30: Mamala Bay | C30: 4 | E30: 5 | G30: =sum(I30:BU30)-(I30+P30+AE30+AO30+AP30+AS30+AU30+BB30+BS30) -> 0.58833333 | K30: =18/36 -> 0.5 | Q30: =1/36 -> 0.027777778 | AU30: =2/36 -> 0.055555556 | BA30: 0.005 | BB30: =1/36 -> 0.027777778 | BG30: =2/36 -> 0.055555556 | BW30: =4/36 -> 0.11111111 | BX30: 0.005 | CK30: =8/36 -> 0.22222222 | CN30: 0.005 | CP30: 0.005 | CS30: =sum(I30:CQ30) -> 1.02
A31: 45346 | B31: Mamala Bay | C31: 4 | E31: 10 | G31: =sum(I31:BU31)-(I31+P31+AE31+AO31+AP31+AS31+AU31+BB31+BS31) -> 0.17166667 | I31: =1/36 -> 0.027777778 | K31: =6/36 -> 0.16666667 | AU31: =3/36 -> 0.083333333 | BA31: 0.005 | CK31: =23/36 -> 0.63888889 | CN31: =2/36 -> 0.055555556 | CP31: =1/36 -> 0.027777778 | CS31: =sum(I31:CQ31) -> 1.005
A32: 45346 | B32: Mamala Bay | C32: 4 | E32: 15 | G32: =sum(I32:BU32)-(I32+P32+AE32+AO32+AP32+AS32+AU32+BB32+BS32) -> 0.27 | J32: =4/36 -> 0.11111111 | K32: =5/36 -> 0.13888889 | AR32: 0.005 | AV32: 0.005 | BP32: 0.005 | BQ32: 0.005 | BS32: 0.005 | CK32: =25/36 -> 0.69444444 | CN32: =2/36 -> 0.055555556 | CS32: =sum(I32:CQ32) -> 1.025
A33: 45346 | B33: Mamala Bay | C33: 4 | E33: 20 | G33: =sum(I33:BU33)-(I33+P33+AE33+AO33+AP33+AS33+AU33+BB33+BS33) -> 0.20444444 | J33: =3/36 -> 0.083333333 | K33: =3/36 -> 0.083333333 | AR33: 0.005 | AS33: 0.005 | AU33: =5/36 -> 0.13888889 | AV33: =1/36 -> 0.027777778 | BE33: 0.005 | BW33: 0.03 | CK33: =20/36 -> 0.55555556 | CN33: =4/36 -> 0.11111111 | CS33: =sum(I33:CQ33) -> 1.045
A34: 45346 | B34: Mamala Bay | C34: 4 | E34: 25 | G34: =sum(I34:BU34)-(I34+P34+AE34+AO34+AP34+AS34+AU34+BB34+BS34) -> 0.39888889 | J34: =2/36 -> 0.055555556 | K34: =7/36 -> 0.19444444 | Q34: 0.005 | AB34: =2/36 -> 0.055555556 | AU34: =6/36 -> 0.16666667 | BA34: =3/36 -> 0.083333333 | BE34: 0.005 | CJ34: 0.005 | CK34: =1/36 -> 0.027777778 | CN34: =15/36 -> 0.41666667 | CP34: 0.005 | CS34: =sum(I34:CQ34) -> 1.02
A35: 45346 | B35: Mamala Bay | C35: 4 | E35: 30 | G35: =sum(I35:BU35)-(I35+P35+AE35+AO35+AP35+AS35+AU35+BB35+BS35) -> 0.53 | K35: =9/36 -> 0.25 | Q35: 0.005 | T35: 0.01 | U35: 0.005 | AB35: 0.005 | AS35: 0.005 | AU35: =16/36 -> 0.44444444 | BE35: 0.005 | BG35: =9/36 -> 0.25 | BS35: =1/36 -> 0.027777778 | CK35: 0.3 | CN35: =1/36 -> 0.027777778 | CS35: =sum(I35:CQ35) -> 1.335
A36: 45346 | B36: Mamala Bay | C36: 4 | E36: 35 | G36: =sum(I36:BU36)-(I36+P36+AE36+AO36+AP36+AS36+AU36+BB36+BS36) -> 0.55 | K36: 0.3 | U36: 0.05 | BA36: 0.1 | BG36: 0.1 | BS36: 0.15 | CK36: 0.15 | CQ36: 0.15 | CS36: =sum(I36:CQ36) -> 1
A37: 45346 | B37: Mamala Bay | C37: 4 | E37: 40 | G37: =sum(I37:BU37)-(I37+P37+AE37+AO37+AP37+AS37+AU37+BB37+BS37) -> 0.4 | J37: 0.05 | K37: 0.15 | U37: 0.15 | AS37: 0.2 | BA37: 0.05 | BS37: 0.05 | CK37: 0.3 | CN37: 0.05 | CS37: =sum(I37:CQ37) -> 1
A38: 45360 | B38: Barber's point | C38: 1 | E38: 20 | F38: 0 | G38: =sum(I38:BU38)-(I38+P38+AE38+AO38+AP38+AS38+AU38+BB38+BS38) -> 0.21 | Y38: 0.05 | AV38: 0.05 | BM38: 0.1 | BR38: 0.01 | BS38: 0.15 | CP38: =1-0.36 -> 0.64 | CS38: =sum(I38:CQ38) -> 1
A39: 45360 | B39: Barber's point | C39: 1 | E39: 18 | F39: 0 | G39: =sum(I39:BU39)-(I39+P39+AE39+AO39+AP39+AS39+AU39+BB39+BS39) -> 0.12 | AU39: 0.1 | AV39: 0.02 | BM39: 0.1 | BS39: 0.15 | CP39: =1-0.37 -> 0.63 | CS39: =sum(I39:CQ39) -> 1
A40: 45360 | B40: Barber's point | C40: 1 | E40: 16 | F40: 0 | G40: =sum(I40:BU40)-(I40+P40+AE40+AO40+AP40+AS40+AU40+BB40+BS40) -> 0.32 | M40: 0.2 | BM40: 0.1 | BR40: 0.02 | BS40: =1-0.62 -> 0.38 | CP40: 0.3 | CS40: =sum(I40:CQ40) -> 1
A41: 45360 | B41: Barber's point | C41: 1 | E41: 14 | F41: 22.3 | G41: =sum(I41:BU41)-(I41+P41+AE41+AO41+AP41+AS41+AU41+BB41+BS41) -> 0 | CP41: 1 | CS41: =sum(I41:CQ41) -> 1
A42: 45360 | B42: Barber's point | C42: 1 | E42: 12 | F42: 37.5 | G42: =sum(I42:BU42)-(I42+P42+AE42+AO42+AP42+AS42+AU42+BB42+BS42) -> 0 | CP42: 1 | CS42: =sum(I42:CQ42) -> 1
A43: 45360 | B43: Barber's point | C43: 1 | E43: 10 | F43: 15.2 | G43: =sum(I43:BU43)-(I43+P43+AE43+AO43+AP43+AS43+AU43+BB43+BS43) -> 0.7 | BG43: 0.3 | BM43: 0.4 | CK43: 0.3 | CS43: =sum(I43:CQ43) -> 1
A44: 45360 | B44: Barber's point | C44: 1 | E44: 8 | F44: 12.4 | G44: =sum(I44:BU44)-(I44+P44+AE44+AO44+AP44+AS44+AU44+BB44+BS44) -> 0.76 | AD44: 0.01 | BG44: 0.05 | BM44: 0.7 | CK44: =1-0.76 -> 0.24 | CS44: =sum(I44:CQ44) -> 1
A45: 45360 | B45: Barber's point | C45: 1 | E45: 6 | F45: 0 | G45: =sum(I45:BU45)-(I45+P45+AE45+AO45+AP45+AS45+AU45+BB45+BS45) -> 0.85 | BG45: 0.1 | BM45: 0.75 | CK45: =1-0.85 -> 0.15 | CS45: =sum(I45:CQ45) -> 1
A46: 45360 | B46: Barber's point | C46: 1 | E46: 4 | F46: 0 | G46: =sum(I46:BU46)-(I46+P46+AE46+AO46+AP46+AS46+AU46+BB46+BS46) -> 0.7 | AD46: 0.05 | AJ46: 0.05 | BG46: 0.45 | BM46: 0.15 | BS46: 0.1 | CP46: 0.2 | CS46: =sum(I46:CQ46) -> 1
A47: 45360 | B47: Barber's point | C47: 1 | E47: 2 | F47: 0 | G47: =sum(I47:BU47)-(I47+P47+AE47+AO47+AP47+AS47+AU47+BB47+BS47) -> 0 | CP47: 1 | CS47: =sum(I47:CQ47) -> 1
A48: 45360 | B48: Barber's point | C48: 2 | E48: 20 | F48: 0 | G48: =sum(I48:BU48)-(I48+P48+AE48+AO48+AP48+AS48+AU48+BB48+BS48) -> 0.12 | AD48: 0.02 | AU48: 0.2 | BM48: 0.05 | BR48: 0.05 | BS48: 0.2 | CP48: =1-0.52 -> 0.48 | CS48: =sum(I48:CQ48) -> 1
A49: 45360 | B49: Barber's point | C49: 2 | E49: 18 | F49: 0 | G49: =sum(I49:BU49)-(I49+P49+AE49+AO49+AP49+AS49+AU49+BB49+BS49) -> 0.1 | AU49: 0.15 | BM49: 0.05 | BR49: 0.05 | BS49: 0.2 | CP49: =1-0.45 -> 0.55 | CS49: =sum(I49:CQ49) -> 1
A50: 45360 | B50: Barber's point | C50: 2 | E50: 16 | F50: 0 | G50: =sum(I50:BU50)-(I50+P50+AE50+AO50+AP50+AS50+AU50+BB50+BS50) -> 0.45 | AJ50: 0.05 | AU50: 0.05 | BG50: 0.15 | BM50: 0.2 | BR50: 0.05 | BS50: 0.05 | CP50: =1-0.55 -> 0.45 | CS50: =sum(I50:CQ50) -> 1
A51: 45360 | B51: Barber's point | C51: 2 | E51: 14 | F51: 38.7 | G51: =sum(I51:BU51)-(I51+P51+AE51+AO51+AP51+AS51+AU51+BB51+BS51) -> 0.32 | U51: 0.1 | Y51: 0.02 | AJ51: 0.1 | AU51: 0.2 | BG51: 0.05 | BM51: 0.05 | BS51: 0.1 | CP51: =1-0.62 -> 0.38 | CS51: =sum(I51:CQ51) -> 1
A52: 45360 | B52: Barber's point | C52: 2 | E52: 12 | F52: 15.9 | G52: =sum(I52:BU52)-(I52+P52+AE52+AO52+AP52+AS52+AU52+BB52+BS52) -> 0.57 | U52: 0.02 | AD52: 0.1 | AJ52: 0.05 | AU52: 0.15 | BG52: 0.1 | BM52: 0.3 | BS52: 0.1 | CK52: =1-0.87 -> 0.13 | CP52: 0.05 | CS52: =sum(I52:CQ52) -> 1
A53: 45360 | B53: Barber's point | C53: 2 | E53: 10 | F53: 24.7 | G53: =sum(I53:BU53)-(I53+P53+AE53+AO53+AP53+AS53+AU53+BB53+BS53) -> 0.83 | AD53: 0.01 | BG53: 0.02 | BM53: 0.8 | CK53: =1-0.83 -> 0.17 | CS53: =sum(I53:CQ53) -> 1
A54: 45360 | B54: Barber's point | C54: 2 | E54: 8 | F54: 7.9 | G54: =sum(I54:BU54)-(I54+P54+AE54+AO54+AP54+AS54+AU54+BB54+BS54) -> 0 | CK54: 0.2 | CP54: 0.8 | CS54: =sum(I54:CQ54) -> 1
A55: 45360 | B55: Barber's point | C55: 2 | E55: 6 | F55: 0 | G55: =sum(I55:BU55)-(I55+P55+AE55+AO55+AP55+AS55+AU55+BB55+BS55) -> 0.76 | AD55: 0.01 | BG55: 0.15 | BM55: 0.6 | CK55: =1-0.78 -> 0.22 | CP55: 0.02 | CS55: =sum(I55:CQ55) -> 1
A56: 45360 | B56: Barber's point | C56: 2 | E56: 4 | F56: 0 | G56: =sum(I56:BU56)-(I56+P56+AE56+AO56+AP56+AS56+AU56+BB56+BS56) -> 0.24 | P56: 0.5 | U56: 0.02 | AD56: 0.1 | BG56: 0.1 | BM56: 0.02 | BS56: 0.02 | CK56: =1-0.76 -> 0.24 | CS56: =sum(I56:CQ56) -> 1
A57: 45360 | B57: Barber's point | C57: 2 | E57: 2 | F57: 0 | G57: =sum(I57:BU57)-(I57+P57+AE57+AO57+AP57+AS57+AU57+BB57+BS57) -> 0.2 | AJ57: 0.1 | BG57: 0.05 | BM57: 0.05 | CP57: 0.8 | CS57: =sum(I57:CQ57) -> 1
A58: 45360 | B58: Barber's point | C58: 3 | E58: 20 | F58: 0 | G58: =sum(I58:BU58)-(I58+P58+AE58+AO58+AP58+AS58+AU58+BB58+BS58) -> 0.05 | P58: 0.02 | AU58: 0.05 | BM58: 0.05 | BS58: 0.05 | CP58: 0.2 | CQ58: =1-0.37 -> 0.63 | CS58: =sum(I58:CQ58) -> 1
A59: 45360 | B59: Barber's point | C59: 3 | E59: 18 | F59: 0 | G59: =sum(I59:BU59)-(I59+P59+AE59+AO59+AP59+AS59+AU59+BB59+BS59) -> 0.31 | Y59: 0.1 | AD59: 0.01 | AJ59: 0.02 | AU59: 0.15 | BG59: 0.01 | BM59: 0.1 | BR59: 0.02 | BU59: 0.05 | CP59: =1-0.46 -> 0.54 | CS59: =sum(I59:CQ59) -> 1
A60: 45360 | B60: Barber's point | C60: 3 | E60: 16 | F60: 0 | G60: =sum(I60:BU60)-(I60+P60+AE60+AO60+AP60+AS60+AU60+BB60+BS60) -> 0.43 | Y60: 0.15 | AF60: 0.02 | AU60: 0.15 | BE60: 0.01 | BG60: 0.02 | BM60: 0.15 | BO60: 0.03 | BU60: 0.05 | CP60: =1-0.68 -> 0.32 | CQ60: 0.1 | CS60: =sum(I60:CQ60) -> 1
A61: 45360 | B61: Barber's point | C61: 3 | E61: 14 | F61: 40.2 | G61: =sum(I61:BU61)-(I61+P61+AE61+AO61+AP61+AS61+AU61+BB61+BS61) -> 0.39 | Y61: 0.1 | AJ61: 0.02 | BG61: 0.02 | BM61: 0.2 | BS61: 0.1 | BU61: 0.05 | CP61: =1-0.54 -> 0.46 | CQ61: 0.05 | CS61: =sum(I61:CQ61) -> 1
A62: 45360 | B62: Barber's point | C62: 3 | E62: 12 | F62: 7.8 | G62: =sum(I62:BU62)-(I62+P62+AE62+AO62+AP62+AS62+AU62+BB62+BS62) -> 0.28 | AJ62: 0.02 | AU62: 0.1 | BE62: 0.01 | BG62: 0.2 | BM62: 0.05 | BS62: 0.05 | BY62: 0.05 | CP62: =1-0.48 -> 0.52 | CS62: =sum(I62:CQ62) -> 1
A63: 45360 | B63: Barber's point | C63: 3 | E63: 10 | F63: 50.8 | G63: =sum(I63:BU63)-(I63+P63+AE63+AO63+AP63+AS63+AU63+BB63+BS63) -> 0.42 | I63: 0.01 | Y63: 0.15 | AJ63: 0.02 | AU63: 0.05 | BG63: 0.05 | BM63: 0.15 | BU63: 0.05 | CP63: =1-0.58 -> 0.42 | CQ63: 0.1 | CS63: =sum(I63:CQ63) -> 1
A64: 45360 | B64: Barber's point | C64: 3 | E64: 8 | F64: 10.7 | G64: =sum(I64:BU64)-(I64+P64+AE64+AO64+AP64+AS64+AU64+BB64+BS64) -> 0.33 | Y64: 0.05 | AD64: 0.02 | AJ64: 0.05 | AU64: 0.1 | BE64: 0.01 | BG64: 0.1 | BM64: 0.1 | CP64: =1-0.43 -> 0.57 | CS64: =sum(I64:CQ64) -> 1
A65: 45360 | B65: Barber's point | C65: 3 | E65: 6 | F65: 0 | G65: =sum(I65:BU65)-(I65+P65+AE65+AO65+AP65+AS65+AU65+BB65+BS65) -> 0.3 | P65: 0.05 | AJ65: 0.05 | AK65: 0.05 | BG65: 0.1 | BM65: 0.1 | CK65: 0.1 | CP65: 0.55 | CS65: =sum(I65:CQ65) -> 1
A66: 45360 | B66: Barber's point | C66: 3 | E66: 4 | F66: 0 | G66: =sum(I66:BU66)-(I66+P66+AE66+AO66+AP66+AS66+AU66+BB66+BS66) -> 0.35 | P66: 0.1 | AD66: 0.05 | AJ66: 0.1 | BG66: 0.1 | BU66: 0.1 | CL66: 0.02 | CO66: =1-0.47 -> 0.53 | CS66: =sum(I66:CQ66) -> 1
A67: 45360 | B67: Barber's point | C67: 3 | E67: 2 | F67: 0 | G67: =sum(I67:BU67)-(I67+P67+AE67+AO67+AP67+AS67+AU67+BB67+BS67) -> 0 | CO67: 0.05 | CP67: 0.75 | CQ67: 0.2 | CS67: =sum(I67:CQ67) -> 1
A68: 45360 | B68: Barber's point | C68: 4 | E68: 20 | F68: 0 | G68: =sum(I68:BU68)-(I68+P68+AE68+AO68+AP68+AS68+AU68+BB68+BS68) -> 0.29 | Y68: 0.1 | AJ68: 0.02 | AU68: 0.15 | BG68: 0.02 | BM68: 0.15 | CP68: =1-0.44 -> 0.56 | CS68: =sum(I68:CQ68) -> 1
A69: 45360 | B69: Barber's point | C69: 4 | E69: 18 | F69: 0 | G69: =sum(I69:BU69)-(I69+P69+AE69+AO69+AP69+AS69+AU69+BB69+BS69) -> 0.45 | Z69: 0.05 | AD69: 0.05 | AJ69: 0.05 | AK69: 0.03 | AU69: 0.15 | BG69: 0.02 | BM69: 0.2 | BR69: 0.05 | CP69: 0.4 | CS69: =sum(I69:CQ69) -> 1
A70: 45360 | B70: Barber's point | C70: 4 | E70: 16 | F70: 0 | G70: =sum(I70:BU70)-(I70+P70+AE70+AO70+AP70+AS70+AU70+BB70+BS70) -> 0.4 | Z70: 0.05 | AD70: 0.05 | AJ70: 0.05 | AU70: 0.1 | BG70: 0.05 | BM70: 0.15 | BR70: 0.05 | CP70: 0.5 | CS70: =sum(I70:CQ70) -> 1
A71: 45360 | B71: Barber's point | C71: 4 | E71: 14 | F71: 12.4 | G71: =sum(I71:BU71)-(I71+P71+AE71+AO71+AP71+AS71+AU71+BB71+BS71) -> 0.25 | P71: 0.01 | Y71: 0.05 | AD71: 0.05 | AJ71: 0.03 | BG71: 0.02 | BM71: 0.1 | BS71: 0.15 | CP71: =1-0.41 -> 0.59 | CS71: =sum(I71:CQ71) -> 1
A72: 45360 | B72: Barber's point | C72: 4 | E72: 12 | F72: 20.6 | G72: =sum(I72:BU72)-(I72+P72+AE72+AO72+AP72+AS72+AU72+BB72+BS72) -> 0.27 | AD72: 0.05 | AJ72: 0.02 | AU72: 0.15 | BG72: 0.1 | BM72: 0.1 | CP72: 0.58 | CS72: =sum(I72:CQ72) -> 1
A73: 45360 | B73: Barber's point | C73: 4 | E73: 10 | F73: 7.9 | G73: =sum(I73:BU73)-(I73+P73+AE73+AO73+AP73+AS73+AU73+BB73+BS73) -> 0.36 | Y73: 0.02 | AD73: 0.03 | AJ73: 0.05 | AU73: 0.1 | BE73: 0.01 | BG73: 0.05 | BM73: 0.15 | BO73: 0.05 | CP73: 0.54 | CS73: =sum(I73:CQ73) -> 1
A74: 45360 | B74: Barber's point | C74: 4 | E74: 8 | F74: 17.6 | G74: =sum(I74:BU74)-(I74+P74+AE74+AO74+AP74+AS74+AU74+BB74+BS74) -> 0.37 | Y74: 0.02 | AJ74: 0.05 | AU74: 0.05 | BG74: 0.05 | BM74: 0.15 | BO74: 0.1 | CP74: 0.53 | CQ74: 0.05 | CS74: =sum(I74:CQ74) -> 1
A75: 45360 | B75: Barber's point | C75: 4 | E75: 6 | F75: 0 | G75: =sum(I75:BU75)-(I75+P75+AE75+AO75+AP75+AS75+AU75+BB75+BS75) -> 0.35 | AJ75: 0.05 | AN75: 0.05 | BG75: 0.1 | BM75: 0.1 | BO75: 0.05 | CK75: 0.2 | CL75: 0.02 | CP75: 0.43 | CS75: =sum(I75:CQ75) -> 1
A76: 45360 | B76: Barber's point | C76: 4 | E76: 4 | F76: 0 | G76: =sum(I76:BU76)-(I76+P76+AE76+AO76+AP76+AS76+AU76+BB76+BS76) -> 0.82 | AD76: 0.05 | AJ76: 0.01 | BG76: 0.6 | BM76: 0.15 | BO76: 0.01 | CK76: 0.02 | CP76: 0.16 | CS76: =sum(I76:CQ76) -> 1
A77: 45360 | B77: Barber's point | C77: 4 | E77: 2 | F77: 0 | G77: =sum(I77:BU77)-(I77+P77+AE77+AO77+AP77+AS77+AU77+BB77+BS77) -> 0 | CH77: 0.05 | CP77: 0.85 | CQ77: 0.1 | CS77: =sum(I77:CQ77) -> 1
A78: Date | B78: Location | I78: Acanthophora spicifera | J78: Articulated Coralline | K78: Asteronema sp | L78: Astronema breviarticulatum | M78: Asparagopsis taxiformis | N78: Ahnfeltiopsis sp | O78: Amansia sp. | P78: Avrainvillea sp | Q78: Avrainvillea lacerata | R78: Bornatella sphaerica | S78: Botrocladia sp. | T78: Bryopsis sp. | U78: Caulerpa racemosa | V78: CCA | W78: Cerramium sp | X78: Chaetomorpha basiretrorsa | Y78: Chnoospora sp. | Z78: Cladophora sp | AA78: Cladophora sericea | AB78: Codium sp. | AC78: Codium arabicum | AD78: Codium edule | AE78: Codium reediae | AF78: Colpomenia sp. | AG78: Colpomenia sinuosa | AH78: cyanobacteria | AI78: Dasya iridescens | AJ78: Dichotomaria marginata | AK78: Dictyosphaeria sp | AL78: Dictyosphaeria cavernosa | AM78: Dictyosphaeria versluysii | AN78: Dictyota sp | AO78: Dictyota sandvicensis | AP78: Dichtyopteris sp. | AQ78: Gelidiella sp | AR78: Gracillaria sp | AS78: Gracilaria salicornia | AT78: Halimeda sp. | AU78: Halimeda discoidea | AV78: Hypnea sp. | AW78: Hydroclathrus clathratus | AX78: Jania sp | AY78: Laurencia sp | AZ78: Laurencia majuscula | BA78: Laurencia mcdermidiae | BB78: Laurencia nidifica | BC78: Liagora sp | BD78: Lobophora sp. | BE78: Lobophora obscura | BF78: Lyngbya majuscula | BG78: Marienria sp | BH78: Microdictyon sp | BI78: Neomeris sp. | BJ78: Orange crust | BK78: Padina sp | BL78: Pocillopora damicornis | BM78: Pocillopora meandrina | BN78: Portieria sp | BO78: Pterocladiella capillacea | BP78: Sargassum sp. | BQ78: Sargassum aquifolium | BR78: Sargassum polyphyllum | BS78: Sphaecelaria sp | BT78: Symploca hydnoides | BU78: Trichogloea sp | BV78: Turbinaria ornata | BW78: Turf | BX78: Ulva Lactuca | BY78: Valonia sp. | CA78: Cucumber- Actinopyga | CB78: Urchin - Echinometra mathaei | CC78: Cucumber- Holothuria | CD78: Haminoea cymbalum - green snail | CE78: nudibranch | CF78: Pennaria disticha (christmas tree hydroid) | CG78: Sea Star | CH78: Snail- Dendropoma | CI78: Snail- Littoraria | CJ78: Snail - Nerite | CK78: Snail- Morula uva | CL78: Snail- Serpulorbis | CM78: Snail- Siphonaria normalis | CN78: Sponge | CO78: Red crab | CP78: Sand | CQ78: pebbles | CR78: limestone | CS78: Rubble | CT78: brown crust | CU78: Bare Rock | CV78: hole | CW78: Coral | CX78: unknon | CY78: Total Points
A79: 45388 | B79: Ewa | C79: 1 | D79: 0 | E79: 22 | F79: 1 | G79: =sum(I79:BU79)-(I79+P79+AE79+AO79+AP79+AS79+AU79+BB79+BS79) -> 0.45 | V79: 0.05 | AS79: 0.15 | AX79: 0.05 | BH79: 0.3 | BK79: 0.05 | BW79: 0.25 | CV79: 0.15 | CY79: =SUM(I79:CX79) -> 1
A80: 45388 | B80: Ewa | C80: 1 | D80: 2 | E80: 20 | F80: 5 | G80: =sum(I80:BU80)-(I80+P80+AE80+AO80+AP80+AS80+AU80+BB80+BS80) -> 0.5 | AD80: 0.15 | AS80: 0.1 | AV80: 0.15 | BD80: 0.05 | BK80: 0.15 | BW80: 0.25 | CV80: 0.1 | CX80: 0.05 | CY80: =SUM(I80:CX80) -> 1
A81: 45388 | B81: Ewa | C81: 1 | D81: 4 | E81: 18 | F81: 5 | G81: =sum(I81:BU81)-(I81+P81+AE81+AO81+AP81+AS81+AU81+BB81+BS81) -> 0.75 | AD81: 0.1 | AY81: 0.05 | BH81: 0.2 | BK81: 0.4 | BW81: 0.15 | CV81: 0.1 | CY81: =SUM(I81:CX81) -> 1
A82: 45388 | B82: Ewa | C82: 1 | D82: 6 | E82: 16 | F82: 1 | G82: =sum(I82:BU82)-(I82+P82+AE82+AO82+AP82+AS82+AU82+BB82+BS82) -> 0.9 | V82: 0.1 | AY82: 0.1 | BH82: 0.3 | BK82: 0.4 | BW82: 0.05 | CV82: 0.05 | CY82: =SUM(I82:CX82) -> 1
A83: 45388 | B83: Ewa | C83: 1 | D83: 8 | E83: 14 | F83: 5 | G83: =sum(I83:BU83)-(I83+P83+AE83+AO83+AP83+AS83+AU83+BB83+BS83) -> 0.8 | P83: 0.05 | AD83: 0.05 | AX83: 0.05 | AY83: 0.05 | BE83: 0.1 | BH83: 0.25 | BK83: 0.3 | BW83: 0.05 | CV83: 0.1 | CY83: =SUM(I83:CX83) -> 1
A84: 45388 | B84: Ewa | C84: 1 | D84: 10 | E84: 12 | F84: 10 | G84: =sum(I84:BU84)-(I84+P84+AE84+AO84+AP84+AS84+AU84+BB84+BS84) -> 0.75 | V84: 0.1 | AD84: 0.05 | AM84: 0.05 | AV84: 0.05 | AX84: 0.05 | AY84: 0.05 | BH84: 0.2 | BN84: 0.2 | BV84: 0.05 | BW84: 0.05 | CV84: 0.15 | CY84: =SUM(I84:CX84) -> 1
A85: 45388 | B85: Ewa | C85: 1 | D85: 12 | E85: 10 | F85: 5 | G85: =sum(I85:BU85)-(I85+P85+AE85+AO85+AP85+AS85+AU85+BB85+BS85) -> 1 | Q85: 0.05 | V85: 0.15 | Z85: 0.3 | AD85: 0.15 | AL85: 0.1 | AV85: 0.1 | BK85: 0.15 | CY85: =SUM(I85:CX85) -> 1
A86: 45388 | B86: Ewa | C86: 1 | D86: 14 | E86: 8 | F86: 10 | G86: =sum(I86:BU86)-(I86+P86+AE86+AO86+AP86+AS86+AU86+BB86+BS86) -> 0.75 | Q86: 0.15 | V86: 0.05 | AN86: 0.1 | AO86: 0.1 | AV86: 0.05 | BK86: 0.4 | BW86: 0.15 | CY86: =SUM(I86:CX86) -> 1
A87: 45388 | B87: Ewa | C87: 1 | D87: 16 | E87: 6 | F87: 10 | G87: =sum(I87:BU87)-(I87+P87+AE87+AO87+AP87+AS87+AU87+BB87+BS87) -> 0.9 | V87: 0.15 | Z87: 0.1 | BH87: 0.15 | BK87: 0.5 | BW87: 0.1 | CY87: =SUM(I87:CX87) -> 1
A88: 45388 | B88: Ewa | C88: 1 | D88: 18 | E88: 4 | F88: 0 | G88: =sum(I88:BU88)-(I88+P88+AE88+AO88+AP88+AS88+AU88+BB88+BS88) -> 0.8 | V88: 0.05 | AL88: 0.05 | AN88: 0.15 | BK88: 0.5 | BO88: 0.05 | BW88: 0.2 | CY88: =SUM(I88:CX88) -> 1
A89: 45388 | B89: Ewa | C89: 1 | D89: 20 | E89: 2 | F89: 0 | G89: =sum(I89:BU89)-(I89+P89+AE89+AO89+AP89+AS89+AU89+BB89+BS89) -> 0.7 | Q89: 0.35 | AL89: 0.15 | AV89: 0.1 | BK89: 0.1 | BW89: 0.05 | CK89: 0.025 | CX89: 0.25 | CY89: =SUM(I89:CX89) -> 1.025
A90: 45388 | B90: Ewa | C90: 1 | D90: 22 | E90: 0 | F90: 0 | G90: =sum(I90:BU90)-(I90+P90+AE90+AO90+AP90+AS90+AU90+BB90+BS90) -> 0.65 | Q90: 0.2 | AN90: 0.1 | AO90: 0.05 | AV90: 0.1 | BK90: 0.25 | CP90: 0.3 | CY90: =SUM(I90:CX90) -> 1
A91: 45388 | B91: Ewa | C91: 2 | D91: 22 | E91: 0 | F91: 10 | G91: =sum(I91:BU91)-(I91+P91+AE91+AO91+AP91+AS91+AU91+BB91+BS91) -> 0.005 | Q91: 0.005 | CP91: =28/36 -> 0.77777778 | CS91: =8/36 -> 0.22222222 | CY91: =SUM(I91:CX91) -> 1.005
A92: 45388 | B92: Ewa | C92: 2 | D92: 20 | E92: 2 | F92: 0 | G92: =sum(I92:BU92)-(I92+P92+AE92+AO92+AP92+AS92+AU92+BB92+BS92) -> 0.375 | J92: =0.5/36 -> 0.013888889 | Q92: =4/36 -> 0.11111111 | Z92: =1/36 -> 0.027777778 | AH92: =1/36 -> 0.027777778 | AM92: =1/36 -> 0.027777778 | BK92: =6/36 -> 0.16666667 | BW92: =2/36 -> 0.055555556 | CP92: =1/36 -> 0.027777778 | CR92: =1-(sum(I92:CQ92)+sum(CS92:CX92)) -> 0.54166667 | CY92: =SUM(I92:CX92) -> 1
A93: 45388 | B93: Ewa | C93: 2 | D93: 18 | E93: 4 | F93: 1 | G93: =sum(I93:BU93)-(I93+P93+AE93+AO93+AP93+AS93+AU93+BB93+BS93) -> 0.83811111 | Q93: 0.01 | R93: 0.01 | AH93: =1-(sum(I93:AG93)+sum(AI93:CX93)) -> 0.66533333 | AM93: =1.5/36 -> 0.041666667 | AX93: =3/36 -> 0.083333333 | BK93: =1/36 -> 0.027777778 | BS93: 0.005 | BV93: 0.005 | BW93: =2/36 -> 0.055555556 | CB93: 0.01 | CD93: 0.003 | CR93: =3/36 -> 0.083333333 | CY93: =SUM(I93:CX93) -> 1
A94: 45388 | B94: Ewa | C94: 2 | D94: 16 | E94: 6 | F94: 1 | G94: =sum(I94:BU94)-(I94+P94+AE94+AO94+AP94+AS94+AU94+BB94+BS94) -> 0.88888889 | Q94: =1-(SUM(I94:P94)+sum(R94:CX94)) -> 0.65666667 | R94: 0.01 | V94: =1/36 -> 0.027777778 | AL94: =1/36 -> 0.027777778 | AM94: =0.5/36 -> 0.013888889 | AN94: =1/36 -> 0.027777778 | BK94: =4/36 -> 0.11111111 | BT94: =0.5/36 -> 0.013888889 | BW94: =2/36 -> 0.055555556 | CP94: =2/36 -> 0.055555556 | CY94: =SUM(I94:CX94) -> 1
A95: 45388 | B95: Ewa | C95: 2 | D95: 14 | E95: 8 | F95: 0 | G95: =sum(I95:BU95)-(I95+P95+AE95+AO95+AP95+AS95+AU95+BB95+BS95) -> 0.89777778 | V95: =0.5/36 -> 0.013888889 | Z95: =1-(sum(I95:Y95)+sum(AA95:CX95)) -> 0.6 | AL95: 0.02 | AM95: =1/36 -> 0.027777778 | AO95: =1/36 -> 0.027777778 | BK95: =8/36 -> 0.22222222 | BU95: =0.5/36 -> 0.013888889 | BV95: =0.5/36 -> 0.013888889 | CD95: 0.005 | CR95: =2/36 -> 0.055555556 | CY95: =SUM(I95:CX95) -> 1
A96: 45388 | B96: Ewa | C96: 2 | D96: 12 | E96: 10 | F96: 0 | G96: =sum(I96:BU96)-(I96+P96+AE96+AO96+AP96+AS96+AU96+BB96+BS96) -> 0.79755556 | Q96: =3/36 -> 0.083333333 | V96: =1/36 -> 0.027777778 | AM96: =1/36 -> 0.027777778 | AO96: =1/36 -> 0.027777778 | AS96: 0.005 | BH96: =1-(sum(I96:BG96)+sum(BI96:CX96)) -> 0.617 | BK96: =1/36 -> 0.027777778 | BU96: =0.5/36 -> 0.013888889 | CD96: 0.003 | CR96: =6/36 -> 0.16666667 | CY96: =SUM(I96:CX96) -> 1
A97: 45388 | B97: Ewa | C97: 2 | D97: 10 | E97: 12 | F97: 1 | G97: =sum(I97:BU97)-(I97+P97+AE97+AO97+AP97+AS97+AU97+BB97+BS97) -> 0.48222222 | Q97: =3/36 -> 0.083333333 | Z97: =3/36 -> 0.083333333 | AL97: 0.01 | AM97: =1/36 -> 0.027777778 | AO97: 0.01 | AS97: =3/36 -> 0.083333333 | BK97: =10/36 -> 0.27777778 | BW97: =2/36 -> 0.055555556 | CP97: =2/36 -> 0.055555556 | CR97: =1-(sum(I97:CQ97)+sum(CS97:CX97)) -> 0.23 | CS97: =3/36 -> 0.083333333 | CY97: =SUM(I97:CX97) -> 1
A98: 45388 | B98: Ewa | C98: 2 | D98: 8 | E98: 14 | F98: 1 | G98: =sum(I98:BU98)-(I98+P98+AE98+AO98+AP98+AS98+AU98+BB98+BS98) -> 0.78055556 | AM98: =2/36 -> 0.055555556 | AS98: 0.01 | BH98: =1-(sum(I98:BG98)+sum(BI98:CX98)) -> 0.55833333 | BK98: =6/36 -> 0.16666667 | CD98: 0.005 | CN98: 0.01 | CR98: =7/36 -> 0.19444444 | CY98: =SUM(I98:CX98) -> 1
A99: 45388 | B99: Ewa | C99: 2 | D99: 6 | E99: 16 | F99: 3 | G99: =sum(I99:BU99)-(I99+P99+AE99+AO99+AP99+AS99+AU99+BB99+BS99) -> 0.77777778 | Z99: =2/36 -> 0.055555556 | AM99: =1/36 -> 0.027777778 | AV99: =1/36 -> 0.027777778 | BK99: =1-(sum(I99:BJ99)+sum(BL99:CX99)) -> 0.66666667 | BV99: =1/36 -> 0.027777778 | BW99: =2/36 -> 0.055555556 | CP99: =2/36 -> 0.055555556 | CR99: =2/36 -> 0.055555556 | CU99: =1/36 -> 0.027777778 | CY99: =SUM(I99:CX99) -> 1
A100: 45388 | B100: Ewa | C100: 2 | D100: 4 | E100: 18 | F100: 2 | G100: =sum(I100:BU100)-(I100+P100+AE100+AO100+AP100+AS100+AU100+BB100+BS100) -> 0.25 | Q100: =2/36 -> 0.055555556 | Z100: =2/36 -> 0.055555556 | AM100: =1/36 -> 0.027777778 | AO100: =1/36 -> 0.027777778 | AV100: =1/36 -> 0.027777778 | BH100: =1/36 -> 0.027777778 | BK100: =2/36 -> 0.055555556 | BW100: =1-(sum(I100:BV100)+sum(BX100:CX100)) -> 0.621 | CD100: 0.004 | CP100: =0.5/36 -> 0.013888889 | CR100: =2/36 -> 0.055555556 | CS100: =1/36 -> 0.027777778 | CY100: =SUM(I100:CX100) -> 1
...
